,timestamp
0,4/6/2020 0:00
1,4/6/2020 1:00
2,4/6/2020 2:00
3,4/6/2020 3:00
4,4/6/2020 4:00
5,4/6/2020 5:00
6,4/6/2020 6:00
7,4/6/2020 7:00
8,4/6/2020 8:00
9,4/6/2020 9:00
10,4/6/2020 10:00
11,4/6/2020 11:00
12,4/6/2020 12:00
13,4/6/2020 13:00
14,4/6/2020 14:00
15,4/6/2020 15:00
16,4/6/2020 16:00
17,4/6/2020 17:00
18,4/6/2020 18:00
19,4/6/2020 19:00
20,4/6/2020 20:00
21,4/6/2020 21:00
22,4/6/2020 22:00
23,4/6/2020 23:00
24,4/7/2020 0:00
25,4/7/2020 1:00
26,4/7/2020 2:00
27,4/7/2020 3:00
28,4/7/2020 4:00
29,4/7/2020 5:00
30,4/7/2020 6:00
31,4/7/2020 7:00
32,4/7/2020 8:00
33,4/7/2020 9:00
34,4/7/2020 10:00
35,4/7/2020 11:00
36,4/7/2020 12:00
37,4/7/2020 13:00
38,4/7/2020 14:00
39,4/7/2020 15:00
40,4/7/2020 16:00
41,4/7/2020 17:00
42,4/7/2020 18:00
43,4/7/2020 19:00
44,4/7/2020 20:00
45,4/7/2020 21:00
46,4/7/2020 22:00
47,4/7/2020 23:00
48,4/8/2020 0:00
49,4/8/2020 1:00
50,4/8/2020 2:00
51,4/8/2020 3:00
52,4/8/2020 4:00
53,4/8/2020 5:00
54,4/8/2020 6:00
55,4/8/2020 7:00
56,4/8/2020 8:00
57,4/8/2020 9:00
58,4/8/2020 10:00
59,4/8/2020 11:00
60,4/8/2020 12:00
61,4/8/2020 13:00
62,4/8/2020 14:00
63,4/8/2020 15:00
64,4/8/2020 16:00
65,4/8/2020 17:00
66,4/8/2020 18:00
67,4/8/2020 19:00
68,4/8/2020 20:00
69,4/8/2020 21:00
70,4/8/2020 22:00
71,4/8/2020 23:00
72,4/9/2020 0:00
73,4/9/2020 1:00
74,4/9/2020 2:00
75,4/9/2020 3:00
76,4/9/2020 4:00
77,4/9/2020 5:00
78,4/9/2020 6:00
79,4/9/2020 7:00
80,4/9/2020 8:00
81,4/9/2020 9:00
82,4/9/2020 10:00
83,4/9/2020 11:00
84,4/9/2020 12:00
85,4/9/2020 13:00
86,4/9/2020 14:00
87,4/9/2020 15:00
88,4/9/2020 16:00
89,4/9/2020 17:00
90,4/9/2020 18:00
91,4/9/2020 19:00
92,4/9/2020 20:00
93,4/9/2020 21:00
94,4/9/2020 22:00
95,4/9/2020 23:00
96,4/10/2020 0:00
97,4/10/2020 1:00
98,4/10/2020 2:00
99,4/10/2020 3:00
100,4/10/2020 4:00
101,4/10/2020 5:00
102,4/10/2020 6:00
103,4/10/2020 7:00
104,4/10/2020 8:00
105,4/10/2020 9:00
106,4/10/2020 10:00
107,4/10/2020 11:00
108,4/10/2020 12:00
109,4/10/2020 13:00
110,4/10/2020 14:00
111,4/10/2020 15:00
112,4/10/2020 16:00
113,4/10/2020 17:00
114,4/10/2020 18:00
115,4/10/2020 19:00
116,4/10/2020 20:00
117,4/10/2020 21:00
118,4/10/2020 22:00
119,4/10/2020 23:00
120,4/11/2020 0:00
