location,timestamp,Unnamed: 0,time,account,message,timestamp
Broadview,2020-04-06 00,1,1,1,1,1
Broadview,2020-04-06 03,2,2,2,2,2
Broadview,2020-04-06 04,1,1,1,1,1
Broadview,2020-04-06 05,5,5,5,5,5
Broadview,2020-04-06 06,12,12,12,12,12
Broadview,2020-04-06 07,14,14,14,14,14
Broadview,2020-04-06 08,34,34,34,34,34
Broadview,2020-04-06 09,31,31,31,31,31
Broadview,2020-04-06 10,27,27,27,27,27
Broadview,2020-04-06 11,28,28,28,28,28
Broadview,2020-04-06 12,27,27,27,27,27
Broadview,2020-04-06 13,28,28,28,28,28
Broadview,2020-04-06 14,41,41,41,41,41
Broadview,2020-04-06 15,57,57,57,57,57
Broadview,2020-04-06 16,41,41,41,41,41
Broadview,2020-04-06 17,20,20,20,20,20
Broadview,2020-04-06 18,23,23,23,23,23
Broadview,2020-04-06 19,32,32,32,32,32
Broadview,2020-04-06 20,16,16,16,16,16
Broadview,2020-04-06 21,8,8,8,8,8
Broadview,2020-04-06 22,3,3,3,3,3
Broadview,2020-04-06 23,4,4,4,4,4
Broadview,2020-04-07 00,2,2,2,2,2
Broadview,2020-04-07 02,1,1,1,1,1
Broadview,2020-04-07 03,5,5,5,5,5
Broadview,2020-04-07 04,3,3,3,3,3
Broadview,2020-04-07 06,7,7,7,7,7
Broadview,2020-04-07 07,17,17,17,17,17
Broadview,2020-04-07 08,26,26,26,26,26
Broadview,2020-04-07 09,26,26,26,26,26
Broadview,2020-04-07 10,26,26,26,26,26
Broadview,2020-04-07 11,41,41,41,41,41
Broadview,2020-04-07 12,39,39,39,39,39
Broadview,2020-04-07 13,30,30,30,30,30
Broadview,2020-04-07 14,23,23,23,23,23
Broadview,2020-04-07 15,27,27,27,27,27
Broadview,2020-04-07 16,34,34,34,34,34
Broadview,2020-04-07 17,31,31,31,31,31
Broadview,2020-04-07 18,29,29,29,29,29
Broadview,2020-04-07 19,25,25,25,25,25
Broadview,2020-04-07 20,30,30,30,30,30
Broadview,2020-04-07 21,14,14,14,14,14
Broadview,2020-04-07 22,10,10,10,10,10
Broadview,2020-04-07 23,10,10,10,10,10
Broadview,2020-04-08 00,3,3,3,3,3
Broadview,2020-04-08 02,2,2,2,2,2
Broadview,2020-04-08 03,3,3,3,3,3
Broadview,2020-04-08 04,5,5,5,5,5
Broadview,2020-04-08 05,5,5,5,5,5
Broadview,2020-04-08 06,8,8,8,8,8
Broadview,2020-04-08 07,54,54,54,54,54
Broadview,2020-04-08 08,24,24,24,24,24
Broadview,2020-04-08 09,29,29,29,29,29
Broadview,2020-04-08 10,4,4,4,4,4
Broadview,2020-04-08 11,8,8,8,8,8
Broadview,2020-04-08 12,12,12,12,12,12
Broadview,2020-04-08 13,22,22,22,22,22
Broadview,2020-04-08 14,53,53,53,53,53
Broadview,2020-04-08 15,52,52,52,52,52
Broadview,2020-04-08 16,36,36,36,36,36
Broadview,2020-04-08 17,26,26,26,26,26
Broadview,2020-04-08 18,32,32,32,32,32
Broadview,2020-04-08 19,30,30,30,30,30
Broadview,2020-04-08 20,20,20,20,20,20
Broadview,2020-04-08 21,16,16,16,16,16
Broadview,2020-04-08 22,12,12,12,12,12
Broadview,2020-04-08 23,13,13,13,13,13
Broadview,2020-04-09 00,12,12,12,12,12
Broadview,2020-04-09 01,2,2,2,2,2
Broadview,2020-04-09 02,9,9,9,9,9
Broadview,2020-04-09 03,4,4,4,4,4
Broadview,2020-04-09 04,11,11,11,11,11
Broadview,2020-04-09 05,16,16,16,16,16
Broadview,2020-04-09 06,16,16,16,16,16
Broadview,2020-04-09 07,17,17,17,17,17
Broadview,2020-04-09 08,22,22,22,22,22
Broadview,2020-04-09 09,17,17,17,17,17
Broadview,2020-04-09 10,34,34,34,34,34
Broadview,2020-04-09 11,34,34,34,34,34
Broadview,2020-04-09 12,61,61,61,61,61
Broadview,2020-04-09 13,43,43,43,43,43
Broadview,2020-04-09 14,30,30,30,30,30
Broadview,2020-04-09 15,53,53,53,53,53
Broadview,2020-04-09 16,30,30,30,30,30
Broadview,2020-04-09 17,15,15,15,15,15
Broadview,2020-04-09 18,12,12,12,12,12
Broadview,2020-04-09 19,14,14,14,14,14
Broadview,2020-04-09 20,14,14,14,14,14
Broadview,2020-04-09 21,9,9,9,9,9
Broadview,2020-04-09 22,5,5,5,5,5
Broadview,2020-04-09 23,6,6,6,6,6
Broadview,2020-04-10 00,26,26,26,26,26
Broadview,2020-04-10 01,3,3,3,3,3
Broadview,2020-04-10 02,1,1,1,1,1
Broadview,2020-04-10 03,11,11,11,11,11
Broadview,2020-04-10 04,20,20,20,20,20
Broadview,2020-04-10 05,25,25,25,25,25
Broadview,2020-04-10 06,8,8,8,8,8
Broadview,2020-04-10 07,59,59,59,59,59
Broadview,2020-04-10 08,22,22,22,22,22
Broadview,2020-04-10 09,59,59,59,59,59
Broadview,2020-04-10 10,31,31,31,31,31
Broadview,2020-04-10 11,34,34,34,34,34
Chapparal,2020-04-06 02,2,2,2,2,2
Chapparal,2020-04-06 04,3,3,3,3,3
Chapparal,2020-04-06 05,5,5,5,5,5
Chapparal,2020-04-06 06,3,3,3,3,3
Chapparal,2020-04-06 07,7,7,7,7,7
Chapparal,2020-04-06 08,22,22,22,22,22
Chapparal,2020-04-06 09,18,18,18,18,18
Chapparal,2020-04-06 10,20,20,20,20,20
Chapparal,2020-04-06 11,13,13,13,13,13
Chapparal,2020-04-06 12,12,12,12,12,12
Chapparal,2020-04-06 13,19,19,19,19,19
Chapparal,2020-04-06 14,32,32,32,32,32
Chapparal,2020-04-06 15,40,40,40,40,40
Chapparal,2020-04-06 16,20,20,20,20,20
Chapparal,2020-04-06 17,16,16,16,16,16
Chapparal,2020-04-06 18,9,9,9,9,9
Chapparal,2020-04-06 19,24,24,24,24,24
Chapparal,2020-04-06 20,6,6,6,6,6
Chapparal,2020-04-06 21,9,9,9,9,9
Chapparal,2020-04-06 22,3,3,3,3,3
Chapparal,2020-04-06 23,4,4,4,4,4
Chapparal,2020-04-07 00,2,2,2,2,2
Chapparal,2020-04-07 02,3,3,3,3,3
Chapparal,2020-04-07 03,1,1,1,1,1
Chapparal,2020-04-07 04,1,1,1,1,1
Chapparal,2020-04-07 05,1,1,1,1,1
Chapparal,2020-04-07 06,9,9,9,9,9
Chapparal,2020-04-07 07,8,8,8,8,8
Chapparal,2020-04-07 08,31,31,31,31,31
Chapparal,2020-04-07 09,11,11,11,11,11
Chapparal,2020-04-07 10,10,10,10,10,10
Chapparal,2020-04-07 11,14,14,14,14,14
Chapparal,2020-04-07 12,23,23,23,23,23
Chapparal,2020-04-07 13,13,13,13,13,13
Chapparal,2020-04-07 14,18,18,18,18,18
Chapparal,2020-04-07 15,24,24,24,24,24
Chapparal,2020-04-07 16,24,24,24,24,24
Chapparal,2020-04-07 17,18,18,18,18,18
Chapparal,2020-04-07 18,34,34,34,34,34
Chapparal,2020-04-07 19,11,11,11,11,11
Chapparal,2020-04-07 20,15,15,15,15,15
Chapparal,2020-04-07 21,5,5,5,5,5
Chapparal,2020-04-07 22,5,5,5,5,5
Chapparal,2020-04-07 23,6,6,6,6,6
Chapparal,2020-04-08 00,1,1,1,1,1
Chapparal,2020-04-08 02,1,1,1,1,1
Chapparal,2020-04-08 03,1,1,1,1,1
Chapparal,2020-04-08 04,4,4,4,4,4
Chapparal,2020-04-08 05,4,4,4,4,4
Chapparal,2020-04-08 06,6,6,6,6,6
Chapparal,2020-04-08 07,39,39,39,39,39
Chapparal,2020-04-08 08,15,15,15,15,15
Chapparal,2020-04-08 09,18,18,18,18,18
Chapparal,2020-04-08 10,4,4,4,4,4
Chapparal,2020-04-08 11,8,8,8,8,8
Chapparal,2020-04-08 12,6,6,6,6,6
Chapparal,2020-04-08 13,27,27,27,27,27
Chapparal,2020-04-08 14,44,44,44,44,44
Chapparal,2020-04-08 15,20,20,20,20,20
Chapparal,2020-04-08 16,16,16,16,16,16
Chapparal,2020-04-08 17,13,13,13,13,13
Chapparal,2020-04-08 18,16,16,16,16,16
Chapparal,2020-04-08 19,14,14,14,14,14
Chapparal,2020-04-08 20,15,15,15,15,15
Chapparal,2020-04-08 21,9,9,9,9,9
Chapparal,2020-04-08 22,8,8,8,8,8
Chapparal,2020-04-08 23,11,11,11,11,11
Chapparal,2020-04-09 00,4,4,4,4,4
Chapparal,2020-04-09 01,3,3,3,3,3
Chapparal,2020-04-09 02,5,5,5,5,5
Chapparal,2020-04-09 03,4,4,4,4,4
Chapparal,2020-04-09 04,6,6,6,6,6
Chapparal,2020-04-09 05,6,6,6,6,6
Chapparal,2020-04-09 06,6,6,6,6,6
Chapparal,2020-04-09 07,8,8,8,8,8
Chapparal,2020-04-09 08,26,26,26,26,26
Chapparal,2020-04-09 09,14,14,14,14,14
Chapparal,2020-04-09 10,18,18,18,18,18
Chapparal,2020-04-09 11,28,28,28,28,28
Chapparal,2020-04-09 12,27,27,27,27,27
Chapparal,2020-04-09 13,27,27,27,27,27
Chapparal,2020-04-09 14,15,15,15,15,15
Chapparal,2020-04-09 15,15,15,15,15,15
Chapparal,2020-04-09 16,9,9,9,9,9
Chapparal,2020-04-09 17,5,5,5,5,5
Chapparal,2020-04-09 18,5,5,5,5,5
Chapparal,2020-04-09 19,10,10,10,10,10
Chapparal,2020-04-09 20,4,4,4,4,4
Chapparal,2020-04-09 21,3,3,3,3,3
Chapparal,2020-04-09 22,1,1,1,1,1
Chapparal,2020-04-09 23,1,1,1,1,1
Chapparal,2020-04-10 00,8,8,8,8,8
Chapparal,2020-04-10 01,2,2,2,2,2
Chapparal,2020-04-10 03,6,6,6,6,6
Chapparal,2020-04-10 04,9,9,9,9,9
Chapparal,2020-04-10 05,5,5,5,5,5
Chapparal,2020-04-10 07,14,14,14,14,14
Chapparal,2020-04-10 08,11,11,11,11,11
Chapparal,2020-04-10 09,17,17,17,17,17
Chapparal,2020-04-10 10,5,5,5,5,5
Chapparal,2020-04-10 11,13,13,13,13,13
Cheddarford,2020-04-06 00,1,1,1,1,1
Cheddarford,2020-04-06 03,1,1,1,1,1
Cheddarford,2020-04-06 04,2,2,2,2,2
Cheddarford,2020-04-06 05,6,6,6,6,6
Cheddarford,2020-04-06 06,9,9,9,9,9
Cheddarford,2020-04-06 07,9,9,9,9,9
Cheddarford,2020-04-06 08,17,17,17,17,17
Cheddarford,2020-04-06 09,19,19,19,19,19
Cheddarford,2020-04-06 10,28,28,28,28,28
Cheddarford,2020-04-06 11,16,16,16,16,16
Cheddarford,2020-04-06 12,23,23,23,23,23
Cheddarford,2020-04-06 13,18,18,18,18,18
Cheddarford,2020-04-06 14,31,31,31,31,31
Cheddarford,2020-04-06 15,54,54,54,54,54
Cheddarford,2020-04-06 16,30,30,30,30,30
Cheddarford,2020-04-06 17,25,25,25,25,25
Cheddarford,2020-04-06 18,14,14,14,14,14
Cheddarford,2020-04-06 19,31,31,31,31,31
Cheddarford,2020-04-06 20,14,14,14,14,14
Cheddarford,2020-04-06 21,12,12,12,12,12
Cheddarford,2020-04-06 22,4,4,4,4,4
Cheddarford,2020-04-06 23,3,3,3,3,3
Cheddarford,2020-04-07 00,1,1,1,1,1
Cheddarford,2020-04-07 01,1,1,1,1,1
Cheddarford,2020-04-07 02,1,1,1,1,1
Cheddarford,2020-04-07 03,1,1,1,1,1
Cheddarford,2020-04-07 04,2,2,2,2,2
Cheddarford,2020-04-07 05,2,2,2,2,2
Cheddarford,2020-04-07 06,5,5,5,5,5
Cheddarford,2020-04-07 07,19,19,19,19,19
Cheddarford,2020-04-07 08,36,36,36,36,36
Cheddarford,2020-04-07 09,11,11,11,11,11
Cheddarford,2020-04-07 10,25,25,25,25,25
Cheddarford,2020-04-07 11,28,28,28,28,28
Cheddarford,2020-04-07 12,28,28,28,28,28
Cheddarford,2020-04-07 13,20,20,20,20,20
Cheddarford,2020-04-07 14,15,15,15,15,15
Cheddarford,2020-04-07 15,14,14,14,14,14
Cheddarford,2020-04-07 16,20,20,20,20,20
Cheddarford,2020-04-07 17,25,25,25,25,25
Cheddarford,2020-04-07 18,53,53,53,53,53
Cheddarford,2020-04-07 19,12,12,12,12,12
Cheddarford,2020-04-07 20,14,14,14,14,14
Cheddarford,2020-04-07 21,14,14,14,14,14
Cheddarford,2020-04-07 22,5,5,5,5,5
Cheddarford,2020-04-07 23,6,6,6,6,6
Cheddarford,2020-04-08 01,1,1,1,1,1
Cheddarford,2020-04-08 02,2,2,2,2,2
Cheddarford,2020-04-08 03,2,2,2,2,2
Cheddarford,2020-04-08 04,8,8,8,8,8
Cheddarford,2020-04-08 05,3,3,3,3,3
Cheddarford,2020-04-08 06,11,11,11,11,11
Cheddarford,2020-04-08 07,47,47,47,47,47
Cheddarford,2020-04-08 08,32,32,32,32,32
Cheddarford,2020-04-08 09,42,42,42,42,42
Cheddarford,2020-04-08 10,14,14,14,14,14
Cheddarford,2020-04-08 11,12,12,12,12,12
Cheddarford,2020-04-08 12,25,25,25,25,25
Cheddarford,2020-04-08 13,63,63,63,63,63
Cheddarford,2020-04-08 14,128,128,128,128,128
Cheddarford,2020-04-08 15,70,70,70,70,70
Cheddarford,2020-04-08 16,29,29,29,29,29
Cheddarford,2020-04-08 17,53,53,53,53,53
Cheddarford,2020-04-08 18,34,34,34,34,34
Cheddarford,2020-04-08 19,50,50,50,50,50
Cheddarford,2020-04-08 20,13,13,13,13,13
Cheddarford,2020-04-08 21,9,9,9,9,9
Cheddarford,2020-04-08 22,6,6,6,6,6
Cheddarford,2020-04-08 23,40,40,40,40,40
Cheddarford,2020-04-09 00,31,31,31,31,31
Cheddarford,2020-04-09 01,1,1,1,1,1
Cheddarford,2020-04-09 02,10,10,10,10,10
Cheddarford,2020-04-09 03,3,3,3,3,3
Cheddarford,2020-04-09 04,11,11,11,11,11
Cheddarford,2020-04-09 05,15,15,15,15,15
Cheddarford,2020-04-09 06,7,7,7,7,7
Cheddarford,2020-04-09 07,10,10,10,10,10
Cheddarford,2020-04-09 08,34,34,34,34,34
Cheddarford,2020-04-09 09,23,23,23,23,23
Cheddarford,2020-04-09 10,27,27,27,27,27
Cheddarford,2020-04-09 11,25,25,25,25,25
Cheddarford,2020-04-09 12,32,32,32,32,32
Cheddarford,2020-04-09 13,29,29,29,29,29
Cheddarford,2020-04-09 14,16,16,16,16,16
Cheddarford,2020-04-09 15,60,60,60,60,60
Cheddarford,2020-04-09 16,23,23,23,23,23
Cheddarford,2020-04-09 17,12,12,12,12,12
Cheddarford,2020-04-09 18,6,6,6,6,6
Cheddarford,2020-04-09 19,13,13,13,13,13
Cheddarford,2020-04-09 20,10,10,10,10,10
Cheddarford,2020-04-09 21,6,6,6,6,6
Cheddarford,2020-04-09 22,4,4,4,4,4
Cheddarford,2020-04-10 00,31,31,31,31,31
Cheddarford,2020-04-10 01,5,5,5,5,5
Cheddarford,2020-04-10 02,1,1,1,1,1
Cheddarford,2020-04-10 03,11,11,11,11,11
Cheddarford,2020-04-10 04,10,10,10,10,10
Cheddarford,2020-04-10 05,24,24,24,24,24
Cheddarford,2020-04-10 06,9,9,9,9,9
Cheddarford,2020-04-10 07,44,44,44,44,44
Cheddarford,2020-04-10 08,13,13,13,13,13
Cheddarford,2020-04-10 09,34,34,34,34,34
Cheddarford,2020-04-10 10,13,13,13,13,13
Cheddarford,2020-04-10 11,33,33,33,33,33
Downtown,2020-04-06 00,1,1,1,1,1
Downtown,2020-04-06 02,1,1,1,1,1
Downtown,2020-04-06 03,3,3,3,3,3
Downtown,2020-04-06 04,9,9,9,9,9
Downtown,2020-04-06 05,13,13,13,13,13
Downtown,2020-04-06 06,18,18,18,18,18
Downtown,2020-04-06 07,22,22,22,22,22
Downtown,2020-04-06 08,38,38,38,38,38
Downtown,2020-04-06 09,51,51,51,51,51
Downtown,2020-04-06 10,69,69,69,69,69
Downtown,2020-04-06 11,55,55,55,55,55
Downtown,2020-04-06 12,52,52,52,52,52
Downtown,2020-04-06 13,50,50,50,50,50
Downtown,2020-04-06 14,85,85,85,85,85
Downtown,2020-04-06 15,88,88,88,88,88
Downtown,2020-04-06 16,75,75,75,75,75
Downtown,2020-04-06 17,57,57,57,57,57
Downtown,2020-04-06 18,32,32,32,32,32
Downtown,2020-04-06 19,63,63,63,63,63
Downtown,2020-04-06 20,35,35,35,35,35
Downtown,2020-04-06 21,24,24,24,24,24
Downtown,2020-04-06 22,14,14,14,14,14
Downtown,2020-04-06 23,8,8,8,8,8
Downtown,2020-04-07 00,7,7,7,7,7
Downtown,2020-04-07 01,1,1,1,1,1
Downtown,2020-04-07 02,2,2,2,2,2
Downtown,2020-04-07 03,6,6,6,6,6
Downtown,2020-04-07 04,7,7,7,7,7
Downtown,2020-04-07 05,5,5,5,5,5
Downtown,2020-04-07 06,18,18,18,18,18
Downtown,2020-04-07 07,36,36,36,36,36
Downtown,2020-04-07 08,60,60,60,60,60
Downtown,2020-04-07 09,36,36,36,36,36
Downtown,2020-04-07 10,42,42,42,42,42
Downtown,2020-04-07 11,45,45,45,45,45
Downtown,2020-04-07 12,63,63,63,63,63
Downtown,2020-04-07 13,44,44,44,44,44
Downtown,2020-04-07 14,50,50,50,50,50
Downtown,2020-04-07 15,43,43,43,43,43
Downtown,2020-04-07 16,49,49,49,49,49
Downtown,2020-04-07 17,59,59,59,59,59
Downtown,2020-04-07 18,75,75,75,75,75
Downtown,2020-04-07 19,35,35,35,35,35
Downtown,2020-04-07 20,31,31,31,31,31
Downtown,2020-04-07 21,22,22,22,22,22
Downtown,2020-04-07 22,7,7,7,7,7
Downtown,2020-04-07 23,13,13,13,13,13
Downtown,2020-04-08 00,11,11,11,11,11
Downtown,2020-04-08 02,2,2,2,2,2
Downtown,2020-04-08 03,9,9,9,9,9
Downtown,2020-04-08 04,8,8,8,8,8
Downtown,2020-04-08 05,12,12,12,12,12
Downtown,2020-04-08 06,20,20,20,20,20
Downtown,2020-04-08 07,96,96,96,96,96
Downtown,2020-04-08 08,71,71,71,71,71
Downtown,2020-04-08 09,125,125,125,125,125
Downtown,2020-04-08 10,42,42,42,42,42
Downtown,2020-04-08 11,26,26,26,26,26
Downtown,2020-04-08 12,55,55,55,55,55
Downtown,2020-04-08 13,149,149,149,149,149
Downtown,2020-04-08 14,278,278,278,278,278
Downtown,2020-04-08 15,158,158,158,158,158
Downtown,2020-04-08 16,71,71,71,71,71
Downtown,2020-04-08 17,71,71,71,71,71
Downtown,2020-04-08 18,77,77,77,77,77
Downtown,2020-04-08 19,113,113,113,113,113
Downtown,2020-04-08 20,37,37,37,37,37
Downtown,2020-04-08 21,25,25,25,25,25
Downtown,2020-04-08 22,13,13,13,13,13
Downtown,2020-04-08 23,58,58,58,58,58
Downtown,2020-04-09 00,86,86,86,86,86
Downtown,2020-04-09 01,13,13,13,13,13
Downtown,2020-04-09 02,27,27,27,27,27
Downtown,2020-04-09 03,18,18,18,18,18
Downtown,2020-04-09 04,35,35,35,35,35
Downtown,2020-04-09 05,36,36,36,36,36
Downtown,2020-04-09 06,31,31,31,31,31
Downtown,2020-04-09 07,25,25,25,25,25
Downtown,2020-04-09 08,60,60,60,60,60
Downtown,2020-04-09 09,41,41,41,41,41
Downtown,2020-04-09 10,72,72,72,72,72
Downtown,2020-04-09 11,54,54,54,54,54
Downtown,2020-04-09 12,110,110,110,110,110
Downtown,2020-04-09 13,50,50,50,50,50
Downtown,2020-04-09 14,42,42,42,42,42
Downtown,2020-04-09 15,105,105,105,105,105
Downtown,2020-04-09 16,34,34,34,34,34
Downtown,2020-04-09 17,22,22,22,22,22
Downtown,2020-04-09 18,25,25,25,25,25
Downtown,2020-04-09 19,45,45,45,45,45
Downtown,2020-04-09 20,27,27,27,27,27
Downtown,2020-04-09 21,11,11,11,11,11
Downtown,2020-04-09 22,10,10,10,10,10
Downtown,2020-04-09 23,5,5,5,5,5
Downtown,2020-04-10 00,69,69,69,69,69
Downtown,2020-04-10 01,6,6,6,6,6
Downtown,2020-04-10 02,3,3,3,3,3
Downtown,2020-04-10 03,17,17,17,17,17
Downtown,2020-04-10 04,25,25,25,25,25
Downtown,2020-04-10 05,57,57,57,57,57
Downtown,2020-04-10 06,14,14,14,14,14
Downtown,2020-04-10 07,85,85,85,85,85
Downtown,2020-04-10 08,42,42,42,42,42
Downtown,2020-04-10 09,70,70,70,70,70
Downtown,2020-04-10 10,49,49,49,49,49
Downtown,2020-04-10 11,51,51,51,51,51
East Parton,2020-04-06 00,1,1,1,1,1
East Parton,2020-04-06 05,2,2,2,2,2
East Parton,2020-04-06 06,5,5,5,5,5
East Parton,2020-04-06 07,2,2,2,2,2
East Parton,2020-04-06 08,7,7,7,7,7
East Parton,2020-04-06 09,12,12,12,12,12
East Parton,2020-04-06 10,15,15,15,15,15
East Parton,2020-04-06 11,11,11,11,11,11
East Parton,2020-04-06 12,9,9,9,9,9
East Parton,2020-04-06 13,10,10,10,10,10
East Parton,2020-04-06 14,25,25,25,25,25
East Parton,2020-04-06 15,31,31,31,31,31
East Parton,2020-04-06 16,12,12,12,12,12
East Parton,2020-04-06 17,9,9,9,9,9
East Parton,2020-04-06 18,4,4,4,4,4
East Parton,2020-04-06 19,17,17,17,17,17
East Parton,2020-04-06 20,11,11,11,11,11
East Parton,2020-04-06 21,3,3,3,3,3
East Parton,2020-04-06 23,4,4,4,4,4
East Parton,2020-04-07 02,2,2,2,2,2
East Parton,2020-04-07 04,1,1,1,1,1
East Parton,2020-04-07 05,3,3,3,3,3
East Parton,2020-04-07 06,9,9,9,9,9
East Parton,2020-04-07 07,8,8,8,8,8
East Parton,2020-04-07 08,14,14,14,14,14
East Parton,2020-04-07 09,9,9,9,9,9
East Parton,2020-04-07 10,10,10,10,10,10
East Parton,2020-04-07 11,13,13,13,13,13
East Parton,2020-04-07 12,11,11,11,11,11
East Parton,2020-04-07 13,9,9,9,9,9
East Parton,2020-04-07 14,9,9,9,9,9
East Parton,2020-04-07 15,16,16,16,16,16
East Parton,2020-04-07 16,13,13,13,13,13
East Parton,2020-04-07 17,6,6,6,6,6
East Parton,2020-04-07 18,17,17,17,17,17
East Parton,2020-04-07 19,6,6,6,6,6
East Parton,2020-04-07 20,7,7,7,7,7
East Parton,2020-04-07 21,3,3,3,3,3
East Parton,2020-04-07 22,4,4,4,4,4
East Parton,2020-04-07 23,1,1,1,1,1
East Parton,2020-04-08 00,1,1,1,1,1
East Parton,2020-04-08 01,1,1,1,1,1
East Parton,2020-04-08 02,1,1,1,1,1
East Parton,2020-04-08 03,3,3,3,3,3
East Parton,2020-04-08 04,2,2,2,2,2
East Parton,2020-04-08 05,5,5,5,5,5
East Parton,2020-04-08 06,6,6,6,6,6
East Parton,2020-04-08 07,8,8,8,8,8
East Parton,2020-04-08 08,14,14,14,14,14
East Parton,2020-04-08 09,16,16,16,16,16
East Parton,2020-04-08 11,5,5,5,5,5
East Parton,2020-04-08 12,6,6,6,6,6
East Parton,2020-04-08 13,21,21,21,21,21
East Parton,2020-04-08 14,46,46,46,46,46
East Parton,2020-04-08 15,32,32,32,32,32
East Parton,2020-04-08 16,11,11,11,11,11
East Parton,2020-04-08 17,20,20,20,20,20
East Parton,2020-04-08 18,12,12,12,12,12
East Parton,2020-04-08 19,17,17,17,17,17
East Parton,2020-04-08 20,5,5,5,5,5
East Parton,2020-04-08 21,6,6,6,6,6
East Parton,2020-04-08 22,5,5,5,5,5
East Parton,2020-04-08 23,13,13,13,13,13
East Parton,2020-04-09 00,19,19,19,19,19
East Parton,2020-04-09 01,2,2,2,2,2
East Parton,2020-04-09 02,7,7,7,7,7
East Parton,2020-04-09 03,5,5,5,5,5
East Parton,2020-04-09 05,3,3,3,3,3
East Parton,2020-04-09 06,1,1,1,1,1
East Parton,2020-04-09 07,3,3,3,3,3
East Parton,2020-04-09 08,4,4,4,4,4
East Parton,2020-04-09 09,11,11,11,11,11
East Parton,2020-04-09 10,10,10,10,10,10
East Parton,2020-04-09 11,8,8,8,8,8
East Parton,2020-04-09 12,25,25,25,25,25
East Parton,2020-04-09 13,10,10,10,10,10
East Parton,2020-04-09 14,9,9,9,9,9
East Parton,2020-04-09 15,31,31,31,31,31
East Parton,2020-04-09 16,13,13,13,13,13
East Parton,2020-04-09 17,4,4,4,4,4
East Parton,2020-04-09 18,7,7,7,7,7
East Parton,2020-04-09 19,6,6,6,6,6
East Parton,2020-04-09 20,1,1,1,1,1
East Parton,2020-04-09 21,3,3,3,3,3
East Parton,2020-04-09 22,2,2,2,2,2
East Parton,2020-04-09 23,2,2,2,2,2
East Parton,2020-04-10 00,11,11,11,11,11
East Parton,2020-04-10 01,3,3,3,3,3
East Parton,2020-04-10 03,4,4,4,4,4
East Parton,2020-04-10 04,3,3,3,3,3
East Parton,2020-04-10 05,8,8,8,8,8
East Parton,2020-04-10 06,3,3,3,3,3
East Parton,2020-04-10 07,22,22,22,22,22
East Parton,2020-04-10 08,5,5,5,5,5
East Parton,2020-04-10 09,19,19,19,19,19
East Parton,2020-04-10 10,7,7,7,7,7
East Parton,2020-04-10 11,14,14,14,14,14
Easton,2020-04-06 01,1,1,1,1,1
Easton,2020-04-06 02,1,1,1,1,1
Easton,2020-04-06 04,2,2,2,2,2
Easton,2020-04-06 05,4,4,4,4,4
Easton,2020-04-06 06,1,1,1,1,1
Easton,2020-04-06 07,5,5,5,5,5
Easton,2020-04-06 08,14,14,14,14,14
Easton,2020-04-06 09,15,15,15,15,15
Easton,2020-04-06 10,19,19,19,19,19
Easton,2020-04-06 11,20,20,20,20,20
Easton,2020-04-06 12,11,11,11,11,11
Easton,2020-04-06 13,19,19,19,19,19
Easton,2020-04-06 14,23,23,23,23,23
Easton,2020-04-06 15,26,26,26,26,26
Easton,2020-04-06 16,14,14,14,14,14
Easton,2020-04-06 17,24,24,24,24,24
Easton,2020-04-06 18,14,14,14,14,14
Easton,2020-04-06 19,14,14,14,14,14
Easton,2020-04-06 20,12,12,12,12,12
Easton,2020-04-06 21,6,6,6,6,6
Easton,2020-04-06 22,3,3,3,3,3
Easton,2020-04-06 23,1,1,1,1,1
Easton,2020-04-07 02,1,1,1,1,1
Easton,2020-04-07 05,2,2,2,2,2
Easton,2020-04-07 06,7,7,7,7,7
Easton,2020-04-07 07,13,13,13,13,13
Easton,2020-04-07 08,4,4,4,4,4
Easton,2020-04-07 09,8,8,8,8,8
Easton,2020-04-07 10,14,14,14,14,14
Easton,2020-04-07 11,10,10,10,10,10
Easton,2020-04-07 12,18,18,18,18,18
Easton,2020-04-07 13,10,10,10,10,10
Easton,2020-04-07 14,12,12,12,12,12
Easton,2020-04-07 15,8,8,8,8,8
Easton,2020-04-07 16,18,18,18,18,18
Easton,2020-04-07 17,8,8,8,8,8
Easton,2020-04-07 18,14,14,14,14,14
Easton,2020-04-07 19,8,8,8,8,8
Easton,2020-04-07 20,13,13,13,13,13
Easton,2020-04-07 21,5,5,5,5,5
Easton,2020-04-07 22,3,3,3,3,3
Easton,2020-04-07 23,1,1,1,1,1
Easton,2020-04-08 02,2,2,2,2,2
Easton,2020-04-08 03,3,3,3,3,3
Easton,2020-04-08 04,2,2,2,2,2
Easton,2020-04-08 05,4,4,4,4,4
Easton,2020-04-08 06,2,2,2,2,2
Easton,2020-04-08 07,23,23,23,23,23
Easton,2020-04-08 08,20,20,20,20,20
Easton,2020-04-08 09,10,10,10,10,10
Easton,2020-04-08 10,2,2,2,2,2
Easton,2020-04-08 11,1,1,1,1,1
Easton,2020-04-08 12,5,5,5,5,5
Easton,2020-04-08 13,16,16,16,16,16
Easton,2020-04-08 14,59,59,59,59,59
Easton,2020-04-08 15,22,22,22,22,22
Easton,2020-04-08 16,19,19,19,19,19
Easton,2020-04-08 17,17,17,17,17,17
Easton,2020-04-08 18,11,11,11,11,11
Easton,2020-04-08 19,20,20,20,20,20
Easton,2020-04-08 20,5,5,5,5,5
Easton,2020-04-08 21,9,9,9,9,9
Easton,2020-04-08 22,1,1,1,1,1
Easton,2020-04-08 23,28,28,28,28,28
Easton,2020-04-09 00,19,19,19,19,19
Easton,2020-04-09 01,2,2,2,2,2
Easton,2020-04-09 02,6,6,6,6,6
Easton,2020-04-09 03,3,3,3,3,3
Easton,2020-04-09 04,6,6,6,6,6
Easton,2020-04-09 05,6,6,6,6,6
Easton,2020-04-09 06,5,5,5,5,5
Easton,2020-04-09 07,2,2,2,2,2
Easton,2020-04-09 08,7,7,7,7,7
Easton,2020-04-09 09,10,10,10,10,10
Easton,2020-04-09 10,12,12,12,12,12
Easton,2020-04-09 11,18,18,18,18,18
Easton,2020-04-09 12,27,27,27,27,27
Easton,2020-04-09 13,16,16,16,16,16
Easton,2020-04-09 14,13,13,13,13,13
Easton,2020-04-09 15,11,11,11,11,11
Easton,2020-04-09 16,7,7,7,7,7
Easton,2020-04-09 17,10,10,10,10,10
Easton,2020-04-09 18,5,5,5,5,5
Easton,2020-04-09 19,6,6,6,6,6
Easton,2020-04-09 20,4,4,4,4,4
Easton,2020-04-09 22,3,3,3,3,3
Easton,2020-04-09 23,2,2,2,2,2
Easton,2020-04-10 00,5,5,5,5,5
Easton,2020-04-10 01,2,2,2,2,2
Easton,2020-04-10 02,2,2,2,2,2
Easton,2020-04-10 03,4,4,4,4,4
Easton,2020-04-10 04,2,2,2,2,2
Easton,2020-04-10 05,5,5,5,5,5
Easton,2020-04-10 06,1,1,1,1,1
Easton,2020-04-10 07,18,18,18,18,18
Easton,2020-04-10 08,9,9,9,9,9
Easton,2020-04-10 09,14,14,14,14,14
Easton,2020-04-10 10,13,13,13,13,13
Easton,2020-04-10 11,13,13,13,13,13
Northwest,2020-04-06 02,1,1,1,1,1
Northwest,2020-04-06 04,5,5,5,5,5
Northwest,2020-04-06 05,6,6,6,6,6
Northwest,2020-04-06 06,11,11,11,11,11
Northwest,2020-04-06 07,17,17,17,17,17
Northwest,2020-04-06 08,37,37,37,37,37
Northwest,2020-04-06 09,23,23,23,23,23
Northwest,2020-04-06 10,33,33,33,33,33
Northwest,2020-04-06 11,26,26,26,26,26
Northwest,2020-04-06 12,31,31,31,31,31
Northwest,2020-04-06 13,32,32,32,32,32
Northwest,2020-04-06 14,57,57,57,57,57
Northwest,2020-04-06 15,69,69,69,69,69
Northwest,2020-04-06 16,26,26,26,26,26
Northwest,2020-04-06 17,34,34,34,34,34
Northwest,2020-04-06 18,20,20,20,20,20
Northwest,2020-04-06 19,49,49,49,49,49
Northwest,2020-04-06 20,25,25,25,25,25
Northwest,2020-04-06 21,14,14,14,14,14
Northwest,2020-04-06 22,1,1,1,1,1
Northwest,2020-04-06 23,7,7,7,7,7
Northwest,2020-04-07 00,2,2,2,2,2
Northwest,2020-04-07 01,1,1,1,1,1
Northwest,2020-04-07 02,2,2,2,2,2
Northwest,2020-04-07 03,3,3,3,3,3
Northwest,2020-04-07 04,3,3,3,3,3
Northwest,2020-04-07 05,3,3,3,3,3
Northwest,2020-04-07 06,9,9,9,9,9
Northwest,2020-04-07 07,35,35,35,35,35
Northwest,2020-04-07 08,30,30,30,30,30
Northwest,2020-04-07 09,9,9,9,9,9
Northwest,2020-04-07 10,26,26,26,26,26
Northwest,2020-04-07 11,35,35,35,35,35
Northwest,2020-04-07 12,32,32,32,32,32
Northwest,2020-04-07 13,27,27,27,27,27
Northwest,2020-04-07 14,28,28,28,28,28
Northwest,2020-04-07 15,25,25,25,25,25
Northwest,2020-04-07 16,30,30,30,30,30
Northwest,2020-04-07 17,19,19,19,19,19
Northwest,2020-04-07 18,57,57,57,57,57
Northwest,2020-04-07 19,30,30,30,30,30
Northwest,2020-04-07 20,17,17,17,17,17
Northwest,2020-04-07 21,9,9,9,9,9
Northwest,2020-04-07 22,8,8,8,8,8
Northwest,2020-04-07 23,7,7,7,7,7
Northwest,2020-04-08 00,2,2,2,2,2
Northwest,2020-04-08 01,1,1,1,1,1
Northwest,2020-04-08 02,1,1,1,1,1
Northwest,2020-04-08 03,5,5,5,5,5
Northwest,2020-04-08 04,4,4,4,4,4
Northwest,2020-04-08 05,5,5,5,5,5
Northwest,2020-04-08 06,10,10,10,10,10
Northwest,2020-04-08 07,66,66,66,66,66
Northwest,2020-04-08 08,58,58,58,58,58
Northwest,2020-04-08 09,84,84,84,84,84
Northwest,2020-04-08 10,20,20,20,20,20
Northwest,2020-04-08 11,26,26,26,26,26
Northwest,2020-04-08 12,16,16,16,16,16
Northwest,2020-04-08 13,110,110,110,110,110
Northwest,2020-04-08 14,159,159,159,159,159
Northwest,2020-04-08 15,93,93,93,93,93
Northwest,2020-04-08 16,48,48,48,48,48
Northwest,2020-04-08 17,44,44,44,44,44
Northwest,2020-04-08 18,56,56,56,56,56
Northwest,2020-04-08 19,74,74,74,74,74
Northwest,2020-04-08 20,39,39,39,39,39
Northwest,2020-04-08 21,24,24,24,24,24
Northwest,2020-04-08 22,20,20,20,20,20
Northwest,2020-04-08 23,45,45,45,45,45
Northwest,2020-04-09 00,46,46,46,46,46
Northwest,2020-04-09 01,2,2,2,2,2
Northwest,2020-04-09 02,11,11,11,11,11
Northwest,2020-04-09 03,14,14,14,14,14
Northwest,2020-04-09 04,6,6,6,6,6
Northwest,2020-04-09 05,20,20,20,20,20
Northwest,2020-04-09 06,22,22,22,22,22
Northwest,2020-04-09 07,14,14,14,14,14
Northwest,2020-04-09 08,44,44,44,44,44
Northwest,2020-04-09 09,19,19,19,19,19
Northwest,2020-04-09 10,48,48,48,48,48
Northwest,2020-04-09 11,47,47,47,47,47
Northwest,2020-04-09 12,77,77,77,77,77
Northwest,2020-04-09 13,40,40,40,40,40
Northwest,2020-04-09 14,25,25,25,25,25
Northwest,2020-04-09 15,49,49,49,49,49
Northwest,2020-04-09 16,26,26,26,26,26
Northwest,2020-04-09 17,6,6,6,6,6
Northwest,2020-04-09 18,9,9,9,9,9
Northwest,2020-04-09 19,12,12,12,12,12
Northwest,2020-04-09 20,11,11,11,11,11
Northwest,2020-04-09 21,4,4,4,4,4
Northwest,2020-04-09 22,5,5,5,5,5
Northwest,2020-04-09 23,1,1,1,1,1
Northwest,2020-04-10 00,18,18,18,18,18
Northwest,2020-04-10 01,2,2,2,2,2
Northwest,2020-04-10 02,3,3,3,3,3
Northwest,2020-04-10 03,1,1,1,1,1
Northwest,2020-04-10 04,8,8,8,8,8
Northwest,2020-04-10 05,15,15,15,15,15
Northwest,2020-04-10 06,5,5,5,5,5
Northwest,2020-04-10 07,34,34,34,34,34
Northwest,2020-04-10 08,21,21,21,21,21
Northwest,2020-04-10 09,31,31,31,31,31
Northwest,2020-04-10 10,11,11,11,11,11
Northwest,2020-04-10 11,26,26,26,26,26
Oak Willow,2020-04-06 03,3,3,3,3,3
Oak Willow,2020-04-06 04,6,6,6,6,6
Oak Willow,2020-04-06 05,12,12,12,12,12
Oak Willow,2020-04-06 06,11,11,11,11,11
Oak Willow,2020-04-06 07,12,12,12,12,12
Oak Willow,2020-04-06 08,17,17,17,17,17
Oak Willow,2020-04-06 09,14,14,14,14,14
Oak Willow,2020-04-06 10,29,29,29,29,29
Oak Willow,2020-04-06 11,22,22,22,22,22
Oak Willow,2020-04-06 12,25,25,25,25,25
Oak Willow,2020-04-06 13,28,28,28,28,28
Oak Willow,2020-04-06 14,38,38,38,38,38
Oak Willow,2020-04-06 15,32,32,32,32,32
Oak Willow,2020-04-06 16,21,21,21,21,21
Oak Willow,2020-04-06 17,23,23,23,23,23
Oak Willow,2020-04-06 18,18,18,18,18,18
Oak Willow,2020-04-06 19,21,21,21,21,21
Oak Willow,2020-04-06 20,17,17,17,17,17
Oak Willow,2020-04-06 21,7,7,7,7,7
Oak Willow,2020-04-06 22,8,8,8,8,8
Oak Willow,2020-04-06 23,6,6,6,6,6
Oak Willow,2020-04-07 00,1,1,1,1,1
Oak Willow,2020-04-07 02,2,2,2,2,2
Oak Willow,2020-04-07 03,1,1,1,1,1
Oak Willow,2020-04-07 04,1,1,1,1,1
Oak Willow,2020-04-07 05,3,3,3,3,3
Oak Willow,2020-04-07 06,10,10,10,10,10
Oak Willow,2020-04-07 07,20,20,20,20,20
Oak Willow,2020-04-07 08,20,20,20,20,20
Oak Willow,2020-04-07 09,10,10,10,10,10
Oak Willow,2020-04-07 10,19,19,19,19,19
Oak Willow,2020-04-07 11,23,23,23,23,23
Oak Willow,2020-04-07 12,25,25,25,25,25
Oak Willow,2020-04-07 13,20,20,20,20,20
Oak Willow,2020-04-07 14,29,29,29,29,29
Oak Willow,2020-04-07 15,21,21,21,21,21
Oak Willow,2020-04-07 16,25,25,25,25,25
Oak Willow,2020-04-07 17,12,12,12,12,12
Oak Willow,2020-04-07 18,19,19,19,19,19
Oak Willow,2020-04-07 19,12,12,12,12,12
Oak Willow,2020-04-07 20,9,9,9,9,9
Oak Willow,2020-04-07 21,6,6,6,6,6
Oak Willow,2020-04-07 22,7,7,7,7,7
Oak Willow,2020-04-07 23,5,5,5,5,5
Oak Willow,2020-04-08 00,4,4,4,4,4
Oak Willow,2020-04-08 01,1,1,1,1,1
Oak Willow,2020-04-08 02,3,3,3,3,3
Oak Willow,2020-04-08 03,3,3,3,3,3
Oak Willow,2020-04-08 04,3,3,3,3,3
Oak Willow,2020-04-08 05,7,7,7,7,7
Oak Willow,2020-04-08 06,8,8,8,8,8
Oak Willow,2020-04-08 07,30,30,30,30,30
Oak Willow,2020-04-08 08,16,16,16,16,16
Oak Willow,2020-04-08 09,12,12,12,12,12
Oak Willow,2020-04-08 10,6,6,6,6,6
Oak Willow,2020-04-08 11,8,8,8,8,8
Oak Willow,2020-04-08 12,4,4,4,4,4
Oak Willow,2020-04-08 13,9,9,9,9,9
Oak Willow,2020-04-08 14,20,20,20,20,20
Oak Willow,2020-04-08 15,10,10,10,10,10
Oak Willow,2020-04-08 16,9,9,9,9,9
Oak Willow,2020-04-08 17,13,13,13,13,13
Oak Willow,2020-04-08 18,7,7,7,7,7
Oak Willow,2020-04-08 19,7,7,7,7,7
Oak Willow,2020-04-08 20,7,7,7,7,7
Oak Willow,2020-04-09 00,13,13,13,13,13
Oak Willow,2020-04-09 01,3,3,3,3,3
Oak Willow,2020-04-09 02,7,7,7,7,7
Oak Willow,2020-04-09 03,5,5,5,5,5
Oak Willow,2020-04-09 04,2,2,2,2,2
Oak Willow,2020-04-09 05,6,6,6,6,6
Oak Willow,2020-04-09 06,1,1,1,1,1
Oak Willow,2020-04-09 07,9,9,9,9,9
Oak Willow,2020-04-09 08,9,9,9,9,9
Oak Willow,2020-04-09 09,9,9,9,9,9
Oak Willow,2020-04-09 10,22,22,22,22,22
Oak Willow,2020-04-09 11,27,27,27,27,27
Oak Willow,2020-04-09 12,37,37,37,37,37
Oak Willow,2020-04-09 13,23,23,23,23,23
Oak Willow,2020-04-09 14,33,33,33,33,33
Oak Willow,2020-04-09 15,24,24,24,24,24
Oak Willow,2020-04-09 16,31,31,31,31,31
Oak Willow,2020-04-09 17,7,7,7,7,7
Oak Willow,2020-04-09 18,15,15,15,15,15
Oak Willow,2020-04-09 19,15,15,15,15,15
Oak Willow,2020-04-09 20,12,12,12,12,12
Oak Willow,2020-04-09 21,2,2,2,2,2
Oak Willow,2020-04-09 22,3,3,3,3,3
Oak Willow,2020-04-09 23,1,1,1,1,1
Oak Willow,2020-04-10 00,22,22,22,22,22
Oak Willow,2020-04-10 01,1,1,1,1,1
Oak Willow,2020-04-10 02,3,3,3,3,3
Oak Willow,2020-04-10 03,10,10,10,10,10
Oak Willow,2020-04-10 04,13,13,13,13,13
Oak Willow,2020-04-10 05,18,18,18,18,18
Oak Willow,2020-04-10 06,6,6,6,6,6
Oak Willow,2020-04-10 07,37,37,37,37,37
Oak Willow,2020-04-10 08,18,18,18,18,18
Oak Willow,2020-04-10 09,24,24,24,24,24
Oak Willow,2020-04-10 10,29,29,29,29,29
Oak Willow,2020-04-10 11,17,17,17,17,17
Old Town,2020-04-06 00,1,1,1,1,1
Old Town,2020-04-06 02,2,2,2,2,2
Old Town,2020-04-06 03,3,3,3,3,3
Old Town,2020-04-06 04,3,3,3,3,3
Old Town,2020-04-06 05,7,7,7,7,7
Old Town,2020-04-06 06,12,12,12,12,12
Old Town,2020-04-06 07,14,14,14,14,14
Old Town,2020-04-06 08,31,31,31,31,31
Old Town,2020-04-06 09,38,38,38,38,38
Old Town,2020-04-06 10,42,42,42,42,42
Old Town,2020-04-06 11,27,27,27,27,27
Old Town,2020-04-06 12,24,24,24,24,24
Old Town,2020-04-06 13,32,32,32,32,32
Old Town,2020-04-06 14,74,74,74,74,74
Old Town,2020-04-06 15,62,62,62,62,62
Old Town,2020-04-06 16,29,29,29,29,29
Old Town,2020-04-06 17,33,33,33,33,33
Old Town,2020-04-06 18,22,22,22,22,22
Old Town,2020-04-06 19,31,31,31,31,31
Old Town,2020-04-06 20,25,25,25,25,25
Old Town,2020-04-06 21,11,11,11,11,11
Old Town,2020-04-06 22,7,7,7,7,7
Old Town,2020-04-06 23,7,7,7,7,7
Old Town,2020-04-07 00,3,3,3,3,3
Old Town,2020-04-07 02,2,2,2,2,2
Old Town,2020-04-07 03,2,2,2,2,2
Old Town,2020-04-07 04,2,2,2,2,2
Old Town,2020-04-07 05,3,3,3,3,3
Old Town,2020-04-07 06,8,8,8,8,8
Old Town,2020-04-07 07,16,16,16,16,16
Old Town,2020-04-07 08,48,48,48,48,48
Old Town,2020-04-07 09,15,15,15,15,15
Old Town,2020-04-07 10,32,32,32,32,32
Old Town,2020-04-07 11,33,33,33,33,33
Old Town,2020-04-07 12,32,32,32,32,32
Old Town,2020-04-07 13,30,30,30,30,30
Old Town,2020-04-07 14,31,31,31,31,31
Old Town,2020-04-07 15,28,28,28,28,28
Old Town,2020-04-07 16,26,26,26,26,26
Old Town,2020-04-07 17,30,30,30,30,30
Old Town,2020-04-07 18,39,39,39,39,39
Old Town,2020-04-07 19,21,21,21,21,21
Old Town,2020-04-07 20,17,17,17,17,17
Old Town,2020-04-07 21,18,18,18,18,18
Old Town,2020-04-07 22,7,7,7,7,7
Old Town,2020-04-07 23,6,6,6,6,6
Old Town,2020-04-08 00,2,2,2,2,2
Old Town,2020-04-08 02,1,1,1,1,1
Old Town,2020-04-08 03,4,4,4,4,4
Old Town,2020-04-08 04,6,6,6,6,6
Old Town,2020-04-08 05,3,3,3,3,3
Old Town,2020-04-08 06,9,9,9,9,9
Old Town,2020-04-08 07,69,69,69,69,69
Old Town,2020-04-08 08,49,49,49,49,49
Old Town,2020-04-08 09,37,37,37,37,37
Old Town,2020-04-08 10,11,11,11,11,11
Old Town,2020-04-08 11,13,13,13,13,13
Old Town,2020-04-08 12,20,20,20,20,20
Old Town,2020-04-08 13,82,82,82,82,82
Old Town,2020-04-08 14,123,123,123,123,123
Old Town,2020-04-08 15,57,57,57,57,57
Old Town,2020-04-08 16,35,35,35,35,35
Old Town,2020-04-08 17,24,24,24,24,24
Old Town,2020-04-08 18,43,43,43,43,43
Old Town,2020-04-08 19,29,29,29,29,29
Old Town,2020-04-08 20,19,19,19,19,19
Old Town,2020-04-08 21,15,15,15,15,15
Old Town,2020-04-08 22,14,14,14,14,14
Old Town,2020-04-08 23,17,17,17,17,17
Old Town,2020-04-09 00,25,25,25,25,25
Old Town,2020-04-09 01,5,5,5,5,5
Old Town,2020-04-09 02,10,10,10,10,10
Old Town,2020-04-09 03,10,10,10,10,10
Old Town,2020-04-09 04,19,19,19,19,19
Old Town,2020-04-09 05,13,13,13,13,13
Old Town,2020-04-09 06,22,22,22,22,22
Old Town,2020-04-09 07,18,18,18,18,18
Old Town,2020-04-09 08,23,23,23,23,23
Old Town,2020-04-09 09,21,21,21,21,21
Old Town,2020-04-09 10,27,27,27,27,27
Old Town,2020-04-09 11,39,39,39,39,39
Old Town,2020-04-09 12,59,59,59,59,59
Old Town,2020-04-09 13,20,20,20,20,20
Old Town,2020-04-09 14,27,27,27,27,27
Old Town,2020-04-09 15,22,22,22,22,22
Old Town,2020-04-09 16,15,15,15,15,15
Old Town,2020-04-09 17,6,6,6,6,6
Old Town,2020-04-09 18,9,9,9,9,9
Old Town,2020-04-09 19,10,10,10,10,10
Old Town,2020-04-09 20,12,12,12,12,12
Old Town,2020-04-09 21,7,7,7,7,7
Old Town,2020-04-09 22,6,6,6,6,6
Old Town,2020-04-10 00,25,25,25,25,25
Old Town,2020-04-10 01,4,4,4,4,4
Old Town,2020-04-10 02,3,3,3,3,3
Old Town,2020-04-10 03,5,5,5,5,5
Old Town,2020-04-10 04,9,9,9,9,9
Old Town,2020-04-10 05,14,14,14,14,14
Old Town,2020-04-10 06,5,5,5,5,5
Old Town,2020-04-10 07,42,42,42,42,42
Old Town,2020-04-10 08,12,12,12,12,12
Old Town,2020-04-10 09,32,32,32,32,32
Old Town,2020-04-10 10,18,18,18,18,18
Old Town,2020-04-10 11,33,33,33,33,33
Palace Hills,2020-04-06 04,2,2,2,2,2
Palace Hills,2020-04-06 05,4,4,4,4,4
Palace Hills,2020-04-06 06,5,5,5,5,5
Palace Hills,2020-04-06 07,9,9,9,9,9
Palace Hills,2020-04-06 08,17,17,17,17,17
Palace Hills,2020-04-06 09,16,16,16,16,16
Palace Hills,2020-04-06 10,22,22,22,22,22
Palace Hills,2020-04-06 11,18,18,18,18,18
Palace Hills,2020-04-06 12,10,10,10,10,10
Palace Hills,2020-04-06 13,18,18,18,18,18
Palace Hills,2020-04-06 14,38,38,38,38,38
Palace Hills,2020-04-06 15,54,54,54,54,54
Palace Hills,2020-04-06 16,23,23,23,23,23
Palace Hills,2020-04-06 17,18,18,18,18,18
Palace Hills,2020-04-06 18,13,13,13,13,13
Palace Hills,2020-04-06 19,31,31,31,31,31
Palace Hills,2020-04-06 20,6,6,6,6,6
Palace Hills,2020-04-06 21,7,7,7,7,7
Palace Hills,2020-04-06 22,5,5,5,5,5
Palace Hills,2020-04-06 23,5,5,5,5,5
Palace Hills,2020-04-07 01,2,2,2,2,2
Palace Hills,2020-04-07 02,2,2,2,2,2
Palace Hills,2020-04-07 03,3,3,3,3,3
Palace Hills,2020-04-07 04,1,1,1,1,1
Palace Hills,2020-04-07 05,1,1,1,1,1
Palace Hills,2020-04-07 06,5,5,5,5,5
Palace Hills,2020-04-07 07,13,13,13,13,13
Palace Hills,2020-04-07 08,27,27,27,27,27
Palace Hills,2020-04-07 09,8,8,8,8,8
Palace Hills,2020-04-07 10,9,9,9,9,9
Palace Hills,2020-04-07 11,19,19,19,19,19
Palace Hills,2020-04-07 12,18,18,18,18,18
Palace Hills,2020-04-07 13,15,15,15,15,15
Palace Hills,2020-04-07 14,17,17,17,17,17
Palace Hills,2020-04-07 15,15,15,15,15,15
Palace Hills,2020-04-07 16,19,19,19,19,19
Palace Hills,2020-04-07 17,20,20,20,20,20
Palace Hills,2020-04-07 18,34,34,34,34,34
Palace Hills,2020-04-07 19,10,10,10,10,10
Palace Hills,2020-04-07 20,10,10,10,10,10
Palace Hills,2020-04-07 21,10,10,10,10,10
Palace Hills,2020-04-07 22,5,5,5,5,5
Palace Hills,2020-04-07 23,5,5,5,5,5
Palace Hills,2020-04-08 01,1,1,1,1,1
Palace Hills,2020-04-08 03,1,1,1,1,1
Palace Hills,2020-04-08 04,4,4,4,4,4
Palace Hills,2020-04-08 05,2,2,2,2,2
Palace Hills,2020-04-08 06,6,6,6,6,6
Palace Hills,2020-04-08 07,50,50,50,50,50
Palace Hills,2020-04-08 08,44,44,44,44,44
Palace Hills,2020-04-08 09,100,100,100,100,100
Palace Hills,2020-04-08 10,29,29,29,29,29
Palace Hills,2020-04-08 11,27,27,27,27,27
Palace Hills,2020-04-08 12,38,38,38,38,38
Palace Hills,2020-04-08 13,78,78,78,78,78
Palace Hills,2020-04-08 14,170,170,170,170,170
Palace Hills,2020-04-08 15,137,137,137,137,137
Palace Hills,2020-04-08 16,64,64,64,64,64
Palace Hills,2020-04-08 17,37,37,37,37,37
Palace Hills,2020-04-08 18,64,64,64,64,64
Palace Hills,2020-04-08 19,80,80,80,80,80
Palace Hills,2020-04-08 20,35,35,35,35,35
Palace Hills,2020-04-08 21,12,12,12,12,12
Palace Hills,2020-04-08 22,18,18,18,18,18
Palace Hills,2020-04-08 23,35,35,35,35,35
Palace Hills,2020-04-09 00,36,36,36,36,36
Palace Hills,2020-04-09 01,4,4,4,4,4
Palace Hills,2020-04-09 02,11,11,11,11,11
Palace Hills,2020-04-09 03,3,3,3,3,3
Palace Hills,2020-04-09 04,6,6,6,6,6
Palace Hills,2020-04-09 05,11,11,11,11,11
Palace Hills,2020-04-09 06,15,15,15,15,15
Palace Hills,2020-04-09 07,11,11,11,11,11
Palace Hills,2020-04-09 08,36,36,36,36,36
Palace Hills,2020-04-09 09,17,17,17,17,17
Palace Hills,2020-04-09 10,40,40,40,40,40
Palace Hills,2020-04-09 11,35,35,35,35,35
Palace Hills,2020-04-09 12,42,42,42,42,42
Palace Hills,2020-04-09 13,37,37,37,37,37
Palace Hills,2020-04-09 14,28,28,28,28,28
Palace Hills,2020-04-09 15,78,78,78,78,78
Palace Hills,2020-04-09 16,19,19,19,19,19
Palace Hills,2020-04-09 17,9,9,9,9,9
Palace Hills,2020-04-09 18,12,12,12,12,12
Palace Hills,2020-04-09 19,24,24,24,24,24
Palace Hills,2020-04-09 20,20,20,20,20,20
Palace Hills,2020-04-09 21,7,7,7,7,7
Palace Hills,2020-04-09 22,7,7,7,7,7
Palace Hills,2020-04-09 23,4,4,4,4,4
Palace Hills,2020-04-10 00,17,17,17,17,17
Palace Hills,2020-04-10 01,2,2,2,2,2
Palace Hills,2020-04-10 02,1,1,1,1,1
Palace Hills,2020-04-10 03,6,6,6,6,6
Palace Hills,2020-04-10 04,6,6,6,6,6
Palace Hills,2020-04-10 05,8,8,8,8,8
Palace Hills,2020-04-10 06,9,9,9,9,9
Palace Hills,2020-04-10 07,53,53,53,53,53
Palace Hills,2020-04-10 08,12,12,12,12,12
Palace Hills,2020-04-10 09,43,43,43,43,43
Palace Hills,2020-04-10 10,18,18,18,18,18
Palace Hills,2020-04-10 11,40,40,40,40,40
Pepper Mill,2020-04-06 03,3,3,3,3,3
Pepper Mill,2020-04-06 04,1,1,1,1,1
Pepper Mill,2020-04-06 05,1,1,1,1,1
Pepper Mill,2020-04-06 06,9,9,9,9,9
Pepper Mill,2020-04-06 07,6,6,6,6,6
Pepper Mill,2020-04-06 08,5,5,5,5,5
Pepper Mill,2020-04-06 09,11,11,11,11,11
Pepper Mill,2020-04-06 10,20,20,20,20,20
Pepper Mill,2020-04-06 11,14,14,14,14,14
Pepper Mill,2020-04-06 12,9,9,9,9,9
Pepper Mill,2020-04-06 13,17,17,17,17,17
Pepper Mill,2020-04-06 14,27,27,27,27,27
Pepper Mill,2020-04-06 15,16,16,16,16,16
Pepper Mill,2020-04-06 16,17,17,17,17,17
Pepper Mill,2020-04-06 17,11,11,11,11,11
Pepper Mill,2020-04-06 18,10,10,10,10,10
Pepper Mill,2020-04-06 19,23,23,23,23,23
Pepper Mill,2020-04-06 20,7,7,7,7,7
Pepper Mill,2020-04-06 21,8,8,8,8,8
Pepper Mill,2020-04-06 22,3,3,3,3,3
Pepper Mill,2020-04-06 23,2,2,2,2,2
Pepper Mill,2020-04-07 00,2,2,2,2,2
Pepper Mill,2020-04-07 02,2,2,2,2,2
Pepper Mill,2020-04-07 03,2,2,2,2,2
Pepper Mill,2020-04-07 04,1,1,1,1,1
Pepper Mill,2020-04-07 05,4,4,4,4,4
Pepper Mill,2020-04-07 06,5,5,5,5,5
Pepper Mill,2020-04-07 07,13,13,13,13,13
Pepper Mill,2020-04-07 08,17,17,17,17,17
Pepper Mill,2020-04-07 09,6,6,6,6,6
Pepper Mill,2020-04-07 10,6,6,6,6,6
Pepper Mill,2020-04-07 11,10,10,10,10,10
Pepper Mill,2020-04-07 12,16,16,16,16,16
Pepper Mill,2020-04-07 13,4,4,4,4,4
Pepper Mill,2020-04-07 14,10,10,10,10,10
Pepper Mill,2020-04-07 15,12,12,12,12,12
Pepper Mill,2020-04-07 16,15,15,15,15,15
Pepper Mill,2020-04-07 17,9,9,9,9,9
Pepper Mill,2020-04-07 18,19,19,19,19,19
Pepper Mill,2020-04-07 19,7,7,7,7,7
Pepper Mill,2020-04-07 20,11,11,11,11,11
Pepper Mill,2020-04-07 21,3,3,3,3,3
Pepper Mill,2020-04-07 22,4,4,4,4,4
Pepper Mill,2020-04-07 23,2,2,2,2,2
Pepper Mill,2020-04-08 00,3,3,3,3,3
Pepper Mill,2020-04-08 01,1,1,1,1,1
Pepper Mill,2020-04-08 02,1,1,1,1,1
Pepper Mill,2020-04-08 03,2,2,2,2,2
Pepper Mill,2020-04-08 04,3,3,3,3,3
Pepper Mill,2020-04-08 05,1,1,1,1,1
Pepper Mill,2020-04-08 06,5,5,5,5,5
Pepper Mill,2020-04-08 07,26,26,26,26,26
Pepper Mill,2020-04-08 08,21,21,21,21,21
Pepper Mill,2020-04-08 09,18,18,18,18,18
Pepper Mill,2020-04-08 10,4,4,4,4,4
Pepper Mill,2020-04-08 11,1,1,1,1,1
Pepper Mill,2020-04-08 12,13,13,13,13,13
Pepper Mill,2020-04-08 13,28,28,28,28,28
Pepper Mill,2020-04-08 14,51,51,51,51,51
Pepper Mill,2020-04-08 15,26,26,26,26,26
Pepper Mill,2020-04-08 16,9,9,9,9,9
Pepper Mill,2020-04-08 17,11,11,11,11,11
Pepper Mill,2020-04-08 18,16,16,16,16,16
Pepper Mill,2020-04-08 19,10,10,10,10,10
Pepper Mill,2020-04-08 20,6,6,6,6,6
Pepper Mill,2020-04-08 23,6,6,6,6,6
Pepper Mill,2020-04-09 00,10,10,10,10,10
Pepper Mill,2020-04-09 02,3,3,3,3,3
Pepper Mill,2020-04-09 03,1,1,1,1,1
Pepper Mill,2020-04-09 04,1,1,1,1,1
Pepper Mill,2020-04-09 05,5,5,5,5,5
Pepper Mill,2020-04-09 06,4,4,4,4,4
Pepper Mill,2020-04-09 07,2,2,2,2,2
Pepper Mill,2020-04-09 08,3,3,3,3,3
Pepper Mill,2020-04-09 09,6,6,6,6,6
Pepper Mill,2020-04-09 10,12,12,12,12,12
Pepper Mill,2020-04-09 11,9,9,9,9,9
Pepper Mill,2020-04-09 12,19,19,19,19,19
Pepper Mill,2020-04-09 13,11,11,11,11,11
Pepper Mill,2020-04-09 14,5,5,5,5,5
Pepper Mill,2020-04-09 15,9,9,9,9,9
Pepper Mill,2020-04-09 16,9,9,9,9,9
Pepper Mill,2020-04-09 17,3,3,3,3,3
Pepper Mill,2020-04-09 18,6,6,6,6,6
Pepper Mill,2020-04-09 19,5,5,5,5,5
Pepper Mill,2020-04-09 20,4,4,4,4,4
Pepper Mill,2020-04-09 21,2,2,2,2,2
Pepper Mill,2020-04-09 22,1,1,1,1,1
Pepper Mill,2020-04-09 23,1,1,1,1,1
Pepper Mill,2020-04-10 00,7,7,7,7,7
Pepper Mill,2020-04-10 03,4,4,4,4,4
Pepper Mill,2020-04-10 04,10,10,10,10,10
Pepper Mill,2020-04-10 05,9,9,9,9,9
Pepper Mill,2020-04-10 06,6,6,6,6,6
Pepper Mill,2020-04-10 07,17,17,17,17,17
Pepper Mill,2020-04-10 08,6,6,6,6,6
Pepper Mill,2020-04-10 09,18,18,18,18,18
Pepper Mill,2020-04-10 10,7,7,7,7,7
Pepper Mill,2020-04-10 11,12,12,12,12,12
Safe Town,2020-04-06 02,1,1,1,1,1
Safe Town,2020-04-06 03,1,1,1,1,1
Safe Town,2020-04-06 04,8,8,8,8,8
Safe Town,2020-04-06 05,11,11,11,11,11
Safe Town,2020-04-06 06,12,12,12,12,12
Safe Town,2020-04-06 07,19,19,19,19,19
Safe Town,2020-04-06 08,15,15,15,15,15
Safe Town,2020-04-06 09,21,21,21,21,21
Safe Town,2020-04-06 10,25,25,25,25,25
Safe Town,2020-04-06 11,33,33,33,33,33
Safe Town,2020-04-06 12,24,24,24,24,24
Safe Town,2020-04-06 13,22,22,22,22,22
Safe Town,2020-04-06 14,35,35,35,35,35
Safe Town,2020-04-06 15,39,39,39,39,39
Safe Town,2020-04-06 16,27,27,27,27,27
Safe Town,2020-04-06 17,20,20,20,20,20
Safe Town,2020-04-06 18,17,17,17,17,17
Safe Town,2020-04-06 19,19,19,19,19,19
Safe Town,2020-04-06 20,13,13,13,13,13
Safe Town,2020-04-06 21,9,9,9,9,9
Safe Town,2020-04-06 22,4,4,4,4,4
Safe Town,2020-04-06 23,3,3,3,3,3
Safe Town,2020-04-07 04,1,1,1,1,1
Safe Town,2020-04-07 05,9,9,9,9,9
Safe Town,2020-04-07 06,10,10,10,10,10
Safe Town,2020-04-07 07,18,18,18,18,18
Safe Town,2020-04-07 08,18,18,18,18,18
Safe Town,2020-04-07 09,8,8,8,8,8
Safe Town,2020-04-07 10,23,23,23,23,23
Safe Town,2020-04-07 11,18,18,18,18,18
Safe Town,2020-04-07 12,18,18,18,18,18
Safe Town,2020-04-07 13,22,22,22,22,22
Safe Town,2020-04-07 14,17,17,17,17,17
Safe Town,2020-04-07 15,28,28,28,28,28
Safe Town,2020-04-07 16,21,21,21,21,21
Safe Town,2020-04-07 17,21,21,21,21,21
Safe Town,2020-04-07 18,22,22,22,22,22
Safe Town,2020-04-07 19,10,10,10,10,10
Safe Town,2020-04-07 20,14,14,14,14,14
Safe Town,2020-04-07 21,6,6,6,6,6
Safe Town,2020-04-07 22,2,2,2,2,2
Safe Town,2020-04-07 23,3,3,3,3,3
Safe Town,2020-04-08 00,5,5,5,5,5
Safe Town,2020-04-08 01,1,1,1,1,1
Safe Town,2020-04-08 03,2,2,2,2,2
Safe Town,2020-04-08 04,2,2,2,2,2
Safe Town,2020-04-08 05,6,6,6,6,6
Safe Town,2020-04-08 06,10,10,10,10,10
Safe Town,2020-04-08 07,34,34,34,34,34
Safe Town,2020-04-08 08,23,23,23,23,23
Safe Town,2020-04-08 09,21,21,21,21,21
Safe Town,2020-04-08 10,9,9,9,9,9
Safe Town,2020-04-08 11,11,11,11,11,11
Safe Town,2020-04-08 12,7,7,7,7,7
Safe Town,2020-04-08 13,36,36,36,36,36
Safe Town,2020-04-08 14,47,47,47,47,47
Safe Town,2020-04-08 15,26,26,26,26,26
Safe Town,2020-04-08 16,14,14,14,14,14
Safe Town,2020-04-08 17,17,17,17,17,17
Safe Town,2020-04-08 18,13,13,13,13,13
Safe Town,2020-04-08 19,18,18,18,18,18
Safe Town,2020-04-08 20,6,6,6,6,6
Safe Town,2020-04-08 21,3,3,3,3,3
Safe Town,2020-04-08 22,4,4,4,4,4
Safe Town,2020-04-08 23,11,11,11,11,11
Safe Town,2020-04-09 00,27,27,27,27,27
Safe Town,2020-04-09 01,3,3,3,3,3
Safe Town,2020-04-09 02,7,7,7,7,7
Safe Town,2020-04-09 03,6,6,6,6,6
Safe Town,2020-04-09 04,7,7,7,7,7
Safe Town,2020-04-09 05,22,22,22,22,22
Safe Town,2020-04-09 06,18,18,18,18,18
Safe Town,2020-04-09 07,7,7,7,7,7
Safe Town,2020-04-09 08,23,23,23,23,23
Safe Town,2020-04-09 09,23,23,23,23,23
Safe Town,2020-04-09 10,26,26,26,26,26
Safe Town,2020-04-09 11,31,31,31,31,31
Safe Town,2020-04-09 12,42,42,42,42,42
Safe Town,2020-04-09 13,23,23,23,23,23
Safe Town,2020-04-09 14,16,16,16,16,16
Safe Town,2020-04-09 15,16,16,16,16,16
Safe Town,2020-04-09 16,16,16,16,16,16
Safe Town,2020-04-09 17,7,7,7,7,7
Safe Town,2020-04-09 18,10,10,10,10,10
Safe Town,2020-04-09 19,4,4,4,4,4
Safe Town,2020-04-09 20,7,7,7,7,7
Safe Town,2020-04-09 21,2,2,2,2,2
Safe Town,2020-04-09 22,1,1,1,1,1
Safe Town,2020-04-09 23,1,1,1,1,1
Safe Town,2020-04-10 00,13,13,13,13,13
Safe Town,2020-04-10 02,2,2,2,2,2
Safe Town,2020-04-10 03,7,7,7,7,7
Safe Town,2020-04-10 04,2,2,2,2,2
Safe Town,2020-04-10 05,13,13,13,13,13
Safe Town,2020-04-10 06,6,6,6,6,6
Safe Town,2020-04-10 07,4,4,4,4,4
Safe Town,2020-04-10 08,6,6,6,6,6
Safe Town,2020-04-10 09,9,9,9,9,9
Safe Town,2020-04-10 10,3,3,3,3,3
Safe Town,2020-04-10 11,13,13,13,13,13
Scenic Vista,2020-04-06 00,1,1,1,1,1
Scenic Vista,2020-04-06 02,2,2,2,2,2
Scenic Vista,2020-04-06 03,1,1,1,1,1
Scenic Vista,2020-04-06 04,3,3,3,3,3
Scenic Vista,2020-04-06 05,4,4,4,4,4
Scenic Vista,2020-04-06 06,13,13,13,13,13
Scenic Vista,2020-04-06 07,12,12,12,12,12
Scenic Vista,2020-04-06 08,39,39,39,39,39
Scenic Vista,2020-04-06 09,22,22,22,22,22
Scenic Vista,2020-04-06 10,42,42,42,42,42
Scenic Vista,2020-04-06 11,36,36,36,36,36
Scenic Vista,2020-04-06 12,29,29,29,29,29
Scenic Vista,2020-04-06 13,30,30,30,30,30
Scenic Vista,2020-04-06 14,45,45,45,45,45
Scenic Vista,2020-04-06 15,78,78,78,78,78
Scenic Vista,2020-04-06 16,48,48,48,48,48
Scenic Vista,2020-04-06 17,25,25,25,25,25
Scenic Vista,2020-04-06 18,24,24,24,24,24
Scenic Vista,2020-04-06 19,55,55,55,55,55
Scenic Vista,2020-04-06 20,20,20,20,20,20
Scenic Vista,2020-04-06 21,10,10,10,10,10
Scenic Vista,2020-04-06 22,9,9,9,9,9
Scenic Vista,2020-04-06 23,3,3,3,3,3
Scenic Vista,2020-04-07 02,3,3,3,3,3
Scenic Vista,2020-04-07 03,1,1,1,1,1
Scenic Vista,2020-04-07 04,3,3,3,3,3
Scenic Vista,2020-04-07 05,8,8,8,8,8
Scenic Vista,2020-04-07 06,16,16,16,16,16
Scenic Vista,2020-04-07 07,23,23,23,23,23
Scenic Vista,2020-04-07 08,53,53,53,53,53
Scenic Vista,2020-04-07 09,24,24,24,24,24
Scenic Vista,2020-04-07 10,30,30,30,30,30
Scenic Vista,2020-04-07 11,28,28,28,28,28
Scenic Vista,2020-04-07 12,36,36,36,36,36
Scenic Vista,2020-04-07 13,43,43,43,43,43
Scenic Vista,2020-04-07 14,23,23,23,23,23
Scenic Vista,2020-04-07 15,31,31,31,31,31
Scenic Vista,2020-04-07 16,42,42,42,42,42
Scenic Vista,2020-04-07 17,29,29,29,29,29
Scenic Vista,2020-04-07 18,57,57,57,57,57
Scenic Vista,2020-04-07 19,22,22,22,22,22
Scenic Vista,2020-04-07 20,28,28,28,28,28
Scenic Vista,2020-04-07 21,23,23,23,23,23
Scenic Vista,2020-04-07 22,2,2,2,2,2
Scenic Vista,2020-04-07 23,6,6,6,6,6
Scenic Vista,2020-04-08 00,4,4,4,4,4
Scenic Vista,2020-04-08 01,1,1,1,1,1
Scenic Vista,2020-04-08 02,3,3,3,3,3
Scenic Vista,2020-04-08 03,3,3,3,3,3
Scenic Vista,2020-04-08 04,8,8,8,8,8
Scenic Vista,2020-04-08 05,11,11,11,11,11
Scenic Vista,2020-04-08 06,8,8,8,8,8
Scenic Vista,2020-04-08 07,69,69,69,69,69
Scenic Vista,2020-04-08 08,51,51,51,51,51
Scenic Vista,2020-04-08 09,25,25,25,25,25
Scenic Vista,2020-04-08 10,17,17,17,17,17
Scenic Vista,2020-04-08 11,20,20,20,20,20
Scenic Vista,2020-04-08 12,21,21,21,21,21
Scenic Vista,2020-04-08 13,93,93,93,93,93
Scenic Vista,2020-04-08 14,122,122,122,122,122
Scenic Vista,2020-04-08 15,79,79,79,79,79
Scenic Vista,2020-04-08 16,41,41,41,41,41
Scenic Vista,2020-04-08 17,27,27,27,27,27
Scenic Vista,2020-04-08 18,51,51,51,51,51
Scenic Vista,2020-04-08 19,39,39,39,39,39
Scenic Vista,2020-04-08 20,34,34,34,34,34
Scenic Vista,2020-04-08 21,10,10,10,10,10
Scenic Vista,2020-04-08 22,15,15,15,15,15
Scenic Vista,2020-04-08 23,43,43,43,43,43
Scenic Vista,2020-04-09 00,29,29,29,29,29
Scenic Vista,2020-04-09 01,7,7,7,7,7
Scenic Vista,2020-04-09 02,4,4,4,4,4
Scenic Vista,2020-04-09 03,15,15,15,15,15
Scenic Vista,2020-04-09 04,17,17,17,17,17
Scenic Vista,2020-04-09 05,18,18,18,18,18
Scenic Vista,2020-04-09 06,17,17,17,17,17
Scenic Vista,2020-04-09 07,20,20,20,20,20
Scenic Vista,2020-04-09 08,56,56,56,56,56
Scenic Vista,2020-04-09 09,39,39,39,39,39
Scenic Vista,2020-04-09 10,62,62,62,62,62
Scenic Vista,2020-04-09 11,59,59,59,59,59
Scenic Vista,2020-04-09 12,73,73,73,73,73
Scenic Vista,2020-04-09 13,60,60,60,60,60
Scenic Vista,2020-04-09 14,41,41,41,41,41
Scenic Vista,2020-04-09 15,23,23,23,23,23
Scenic Vista,2020-04-09 16,14,14,14,14,14
Scenic Vista,2020-04-09 17,1,1,1,1,1
Scenic Vista,2020-04-09 18,4,4,4,4,4
Scenic Vista,2020-04-09 19,8,8,8,8,8
Scenic Vista,2020-04-09 20,4,4,4,4,4
Scenic Vista,2020-04-09 21,3,3,3,3,3
Scenic Vista,2020-04-09 22,7,7,7,7,7
Scenic Vista,2020-04-09 23,2,2,2,2,2
Scenic Vista,2020-04-10 00,5,5,5,5,5
Scenic Vista,2020-04-10 02,1,1,1,1,1
Scenic Vista,2020-04-10 03,3,3,3,3,3
Scenic Vista,2020-04-10 04,7,7,7,7,7
Scenic Vista,2020-04-10 05,3,3,3,3,3
Scenic Vista,2020-04-10 06,7,7,7,7,7
Scenic Vista,2020-04-10 07,20,20,20,20,20
Scenic Vista,2020-04-10 08,6,6,6,6,6
Scenic Vista,2020-04-10 09,12,12,12,12,12
Scenic Vista,2020-04-10 10,6,6,6,6,6
Scenic Vista,2020-04-10 11,11,11,11,11,11
Southton,2020-04-06 00,1,1,1,1,1
Southton,2020-04-06 01,2,2,2,2,2
Southton,2020-04-06 03,1,1,1,1,1
Southton,2020-04-06 04,4,4,4,4,4
Southton,2020-04-06 05,12,12,12,12,12
Southton,2020-04-06 06,30,30,30,30,30
Southton,2020-04-06 07,32,32,32,32,32
Southton,2020-04-06 08,44,44,44,44,44
Southton,2020-04-06 09,36,36,36,36,36
Southton,2020-04-06 10,66,66,66,66,66
Southton,2020-04-06 11,60,60,60,60,60
Southton,2020-04-06 12,55,55,55,55,55
Southton,2020-04-06 13,59,59,59,59,59
Southton,2020-04-06 14,63,63,63,63,63
Southton,2020-04-06 15,87,87,87,87,87
Southton,2020-04-06 16,63,63,63,63,63
Southton,2020-04-06 17,65,65,65,65,65
Southton,2020-04-06 18,25,25,25,25,25
Southton,2020-04-06 19,59,59,59,59,59
Southton,2020-04-06 20,24,24,24,24,24
Southton,2020-04-06 21,29,29,29,29,29
Southton,2020-04-06 22,9,9,9,9,9
Southton,2020-04-06 23,7,7,7,7,7
Southton,2020-04-07 00,7,7,7,7,7
Southton,2020-04-07 02,2,2,2,2,2
Southton,2020-04-07 03,2,2,2,2,2
Southton,2020-04-07 04,6,6,6,6,6
Southton,2020-04-07 05,8,8,8,8,8
Southton,2020-04-07 06,22,22,22,22,22
Southton,2020-04-07 07,44,44,44,44,44
Southton,2020-04-07 08,46,46,46,46,46
Southton,2020-04-07 09,24,24,24,24,24
Southton,2020-04-07 10,37,37,37,37,37
Southton,2020-04-07 11,48,48,48,48,48
Southton,2020-04-07 12,53,53,53,53,53
Southton,2020-04-07 13,45,45,45,45,45
Southton,2020-04-07 14,39,39,39,39,39
Southton,2020-04-07 15,52,52,52,52,52
Southton,2020-04-07 16,48,48,48,48,48
Southton,2020-04-07 17,47,47,47,47,47
Southton,2020-04-07 18,65,65,65,65,65
Southton,2020-04-07 19,39,39,39,39,39
Southton,2020-04-07 20,33,33,33,33,33
Southton,2020-04-07 21,12,12,12,12,12
Southton,2020-04-07 22,5,5,5,5,5
Southton,2020-04-07 23,4,4,4,4,4
Southton,2020-04-08 00,7,7,7,7,7
Southton,2020-04-08 01,2,2,2,2,2
Southton,2020-04-08 02,5,5,5,5,5
Southton,2020-04-08 03,4,4,4,4,4
Southton,2020-04-08 04,7,7,7,7,7
Southton,2020-04-08 05,9,9,9,9,9
Southton,2020-04-08 06,14,14,14,14,14
Southton,2020-04-08 07,78,78,78,78,78
Southton,2020-04-08 08,50,50,50,50,50
Southton,2020-04-08 09,80,80,80,80,80
Southton,2020-04-08 10,30,30,30,30,30
Southton,2020-04-08 11,32,32,32,32,32
Southton,2020-04-08 12,38,38,38,38,38
Southton,2020-04-08 13,114,114,114,114,114
Southton,2020-04-08 14,202,202,202,202,202
Southton,2020-04-08 15,124,124,124,124,124
Southton,2020-04-08 16,43,43,43,43,43
Southton,2020-04-08 17,48,48,48,48,48
Southton,2020-04-08 18,73,73,73,73,73
Southton,2020-04-08 19,66,66,66,66,66
Southton,2020-04-08 20,42,42,42,42,42
Southton,2020-04-08 21,24,24,24,24,24
Southton,2020-04-08 22,16,16,16,16,16
Southton,2020-04-08 23,36,36,36,36,36
Southton,2020-04-09 00,79,79,79,79,79
Southton,2020-04-09 01,10,10,10,10,10
Southton,2020-04-09 02,22,22,22,22,22
Southton,2020-04-09 03,23,23,23,23,23
Southton,2020-04-09 04,23,23,23,23,23
Southton,2020-04-09 05,33,33,33,33,33
Southton,2020-04-09 06,23,23,23,23,23
Southton,2020-04-09 07,26,26,26,26,26
Southton,2020-04-09 08,44,44,44,44,44
Southton,2020-04-09 09,34,34,34,34,34
Southton,2020-04-09 10,47,47,47,47,47
Southton,2020-04-09 11,51,51,51,51,51
Southton,2020-04-09 12,68,68,68,68,68
Southton,2020-04-09 13,44,44,44,44,44
Southton,2020-04-09 14,34,34,34,34,34
Southton,2020-04-09 15,81,81,81,81,81
Southton,2020-04-09 16,39,39,39,39,39
Southton,2020-04-09 17,24,24,24,24,24
Southton,2020-04-09 18,24,24,24,24,24
Southton,2020-04-09 19,24,24,24,24,24
Southton,2020-04-09 20,24,24,24,24,24
Southton,2020-04-09 21,9,9,9,9,9
Southton,2020-04-09 22,11,11,11,11,11
Southton,2020-04-09 23,5,5,5,5,5
Southton,2020-04-10 00,56,56,56,56,56
Southton,2020-04-10 01,11,11,11,11,11
Southton,2020-04-10 02,4,4,4,4,4
Southton,2020-04-10 03,20,20,20,20,20
Southton,2020-04-10 04,32,32,32,32,32
Southton,2020-04-10 05,38,38,38,38,38
Southton,2020-04-10 06,19,19,19,19,19
Southton,2020-04-10 07,80,80,80,80,80
Southton,2020-04-10 08,29,29,29,29,29
Southton,2020-04-10 09,52,52,52,52,52
Southton,2020-04-10 10,30,30,30,30,30
Southton,2020-04-10 11,54,54,54,54,54
Southwest,2020-04-06 00,2,2,2,2,2
Southwest,2020-04-06 02,1,1,1,1,1
Southwest,2020-04-06 03,2,2,2,2,2
Southwest,2020-04-06 04,4,4,4,4,4
Southwest,2020-04-06 05,9,9,9,9,9
Southwest,2020-04-06 06,13,13,13,13,13
Southwest,2020-04-06 07,21,21,21,21,21
Southwest,2020-04-06 08,23,23,23,23,23
Southwest,2020-04-06 09,38,38,38,38,38
Southwest,2020-04-06 10,45,45,45,45,45
Southwest,2020-04-06 11,34,34,34,34,34
Southwest,2020-04-06 12,22,22,22,22,22
Southwest,2020-04-06 13,29,29,29,29,29
Southwest,2020-04-06 14,64,64,64,64,64
Southwest,2020-04-06 15,82,82,82,82,82
Southwest,2020-04-06 16,44,44,44,44,44
Southwest,2020-04-06 17,36,36,36,36,36
Southwest,2020-04-06 18,16,16,16,16,16
Southwest,2020-04-06 19,42,42,42,42,42
Southwest,2020-04-06 20,26,26,26,26,26
Southwest,2020-04-06 21,21,21,21,21,21
Southwest,2020-04-06 22,8,8,8,8,8
Southwest,2020-04-06 23,5,5,5,5,5
Southwest,2020-04-07 00,2,2,2,2,2
Southwest,2020-04-07 01,1,1,1,1,1
Southwest,2020-04-07 02,2,2,2,2,2
Southwest,2020-04-07 03,2,2,2,2,2
Southwest,2020-04-07 04,2,2,2,2,2
Southwest,2020-04-07 05,9,9,9,9,9
Southwest,2020-04-07 06,18,18,18,18,18
Southwest,2020-04-07 07,22,22,22,22,22
Southwest,2020-04-07 08,26,26,26,26,26
Southwest,2020-04-07 09,28,28,28,28,28
Southwest,2020-04-07 10,28,28,28,28,28
Southwest,2020-04-07 11,29,29,29,29,29
Southwest,2020-04-07 12,36,36,36,36,36
Southwest,2020-04-07 13,37,37,37,37,37
Southwest,2020-04-07 14,30,30,30,30,30
Southwest,2020-04-07 15,34,34,34,34,34
Southwest,2020-04-07 16,43,43,43,43,43
Southwest,2020-04-07 17,29,29,29,29,29
Southwest,2020-04-07 18,56,56,56,56,56
Southwest,2020-04-07 19,28,28,28,28,28
Southwest,2020-04-07 20,35,35,35,35,35
Southwest,2020-04-07 21,19,19,19,19,19
Southwest,2020-04-07 22,9,9,9,9,9
Southwest,2020-04-07 23,9,9,9,9,9
Southwest,2020-04-08 00,2,2,2,2,2
Southwest,2020-04-08 02,1,1,1,1,1
Southwest,2020-04-08 03,6,6,6,6,6
Southwest,2020-04-08 04,3,3,3,3,3
Southwest,2020-04-08 05,13,13,13,13,13
Southwest,2020-04-08 06,9,9,9,9,9
Southwest,2020-04-08 07,54,54,54,54,54
Southwest,2020-04-08 08,27,27,27,27,27
Southwest,2020-04-08 09,46,46,46,46,46
Southwest,2020-04-08 10,10,10,10,10,10
Southwest,2020-04-08 11,10,10,10,10,10
Southwest,2020-04-08 12,12,12,12,12,12
Southwest,2020-04-08 13,88,88,88,88,88
Southwest,2020-04-08 14,196,196,196,196,196
Southwest,2020-04-08 15,118,118,118,118,118
Southwest,2020-04-08 16,64,64,64,64,64
Southwest,2020-04-08 17,48,48,48,48,48
Southwest,2020-04-08 18,62,62,62,62,62
Southwest,2020-04-08 19,70,70,70,70,70
Southwest,2020-04-08 20,34,34,34,34,34
Southwest,2020-04-08 21,30,30,30,30,30
Southwest,2020-04-08 22,18,18,18,18,18
Southwest,2020-04-08 23,33,33,33,33,33
Southwest,2020-04-09 00,66,66,66,66,66
Southwest,2020-04-09 01,11,11,11,11,11
Southwest,2020-04-09 02,26,26,26,26,26
Southwest,2020-04-09 03,22,22,22,22,22
Southwest,2020-04-09 04,16,16,16,16,16
Southwest,2020-04-09 05,40,40,40,40,40
Southwest,2020-04-09 06,30,30,30,30,30
Southwest,2020-04-09 07,24,24,24,24,24
Southwest,2020-04-09 08,42,42,42,42,42
Southwest,2020-04-09 09,29,29,29,29,29
Southwest,2020-04-09 10,51,51,51,51,51
Southwest,2020-04-09 11,46,46,46,46,46
Southwest,2020-04-09 12,63,63,63,63,63
Southwest,2020-04-09 13,55,55,55,55,55
Southwest,2020-04-09 14,27,27,27,27,27
Southwest,2020-04-09 15,67,67,67,67,67
Southwest,2020-04-09 16,43,43,43,43,43
Southwest,2020-04-09 17,14,14,14,14,14
Southwest,2020-04-09 18,24,24,24,24,24
Southwest,2020-04-09 19,29,29,29,29,29
Southwest,2020-04-09 20,33,33,33,33,33
Southwest,2020-04-09 21,16,16,16,16,16
Southwest,2020-04-09 22,14,14,14,14,14
Southwest,2020-04-09 23,5,5,5,5,5
Southwest,2020-04-10 00,60,60,60,60,60
Southwest,2020-04-10 01,6,6,6,6,6
Southwest,2020-04-10 02,5,5,5,5,5
Southwest,2020-04-10 03,21,21,21,21,21
Southwest,2020-04-10 04,27,27,27,27,27
Southwest,2020-04-10 05,51,51,51,51,51
Southwest,2020-04-10 06,18,18,18,18,18
Southwest,2020-04-10 07,80,80,80,80,80
Southwest,2020-04-10 08,28,28,28,28,28
Southwest,2020-04-10 09,54,54,54,54,54
Southwest,2020-04-10 10,36,36,36,36,36
Southwest,2020-04-10 11,57,57,57,57,57
Terrapin Springs,2020-04-06 00,1,1,1,1,1
Terrapin Springs,2020-04-06 01,1,1,1,1,1
Terrapin Springs,2020-04-06 02,1,1,1,1,1
Terrapin Springs,2020-04-06 03,2,2,2,2,2
Terrapin Springs,2020-04-06 04,2,2,2,2,2
Terrapin Springs,2020-04-06 05,9,9,9,9,9
Terrapin Springs,2020-04-06 06,15,15,15,15,15
Terrapin Springs,2020-04-06 07,9,9,9,9,9
Terrapin Springs,2020-04-06 08,33,33,33,33,33
Terrapin Springs,2020-04-06 09,24,24,24,24,24
Terrapin Springs,2020-04-06 10,32,32,32,32,32
Terrapin Springs,2020-04-06 11,27,27,27,27,27
Terrapin Springs,2020-04-06 12,15,15,15,15,15
Terrapin Springs,2020-04-06 13,24,24,24,24,24
Terrapin Springs,2020-04-06 14,52,52,52,52,52
Terrapin Springs,2020-04-06 15,56,56,56,56,56
Terrapin Springs,2020-04-06 16,44,44,44,44,44
Terrapin Springs,2020-04-06 17,25,25,25,25,25
Terrapin Springs,2020-04-06 18,17,17,17,17,17
Terrapin Springs,2020-04-06 19,44,44,44,44,44
Terrapin Springs,2020-04-06 20,28,28,28,28,28
Terrapin Springs,2020-04-06 21,12,12,12,12,12
Terrapin Springs,2020-04-06 22,11,11,11,11,11
Terrapin Springs,2020-04-06 23,4,4,4,4,4
Terrapin Springs,2020-04-07 00,2,2,2,2,2
Terrapin Springs,2020-04-07 02,1,1,1,1,1
Terrapin Springs,2020-04-07 03,1,1,1,1,1
Terrapin Springs,2020-04-07 04,3,3,3,3,3
Terrapin Springs,2020-04-07 05,5,5,5,5,5
Terrapin Springs,2020-04-07 06,6,6,6,6,6
Terrapin Springs,2020-04-07 07,10,10,10,10,10
Terrapin Springs,2020-04-07 08,36,36,36,36,36
Terrapin Springs,2020-04-07 09,18,18,18,18,18
Terrapin Springs,2020-04-07 10,24,24,24,24,24
Terrapin Springs,2020-04-07 11,27,27,27,27,27
Terrapin Springs,2020-04-07 12,34,34,34,34,34
Terrapin Springs,2020-04-07 13,20,20,20,20,20
Terrapin Springs,2020-04-07 14,15,15,15,15,15
Terrapin Springs,2020-04-07 15,18,18,18,18,18
Terrapin Springs,2020-04-07 16,30,30,30,30,30
Terrapin Springs,2020-04-07 17,20,20,20,20,20
Terrapin Springs,2020-04-07 18,43,43,43,43,43
Terrapin Springs,2020-04-07 19,21,21,21,21,21
Terrapin Springs,2020-04-07 20,26,26,26,26,26
Terrapin Springs,2020-04-07 21,10,10,10,10,10
Terrapin Springs,2020-04-07 22,2,2,2,2,2
Terrapin Springs,2020-04-07 23,3,3,3,3,3
Terrapin Springs,2020-04-08 00,5,5,5,5,5
Terrapin Springs,2020-04-08 02,1,1,1,1,1
Terrapin Springs,2020-04-08 03,1,1,1,1,1
Terrapin Springs,2020-04-08 04,7,7,7,7,7
Terrapin Springs,2020-04-08 05,5,5,5,5,5
Terrapin Springs,2020-04-08 06,12,12,12,12,12
Terrapin Springs,2020-04-08 07,55,55,55,55,55
Terrapin Springs,2020-04-08 08,19,19,19,19,19
Terrapin Springs,2020-04-08 09,19,19,19,19,19
Terrapin Springs,2020-04-08 10,6,6,6,6,6
Terrapin Springs,2020-04-08 11,5,5,5,5,5
Terrapin Springs,2020-04-08 12,11,11,11,11,11
Terrapin Springs,2020-04-08 13,32,32,32,32,32
Terrapin Springs,2020-04-08 14,56,56,56,56,56
Terrapin Springs,2020-04-08 15,40,40,40,40,40
Terrapin Springs,2020-04-08 16,22,22,22,22,22
Terrapin Springs,2020-04-08 17,21,21,21,21,21
Terrapin Springs,2020-04-08 18,21,21,21,21,21
Terrapin Springs,2020-04-08 19,23,23,23,23,23
Terrapin Springs,2020-04-08 20,16,16,16,16,16
Terrapin Springs,2020-04-08 21,7,7,7,7,7
Terrapin Springs,2020-04-08 22,13,13,13,13,13
Terrapin Springs,2020-04-08 23,22,22,22,22,22
Terrapin Springs,2020-04-09 00,17,17,17,17,17
Terrapin Springs,2020-04-09 01,2,2,2,2,2
Terrapin Springs,2020-04-09 02,7,7,7,7,7
Terrapin Springs,2020-04-09 03,4,4,4,4,4
Terrapin Springs,2020-04-09 04,11,11,11,11,11
Terrapin Springs,2020-04-09 05,8,8,8,8,8
Terrapin Springs,2020-04-09 06,9,9,9,9,9
Terrapin Springs,2020-04-09 07,7,7,7,7,7
Terrapin Springs,2020-04-09 08,31,31,31,31,31
Terrapin Springs,2020-04-09 09,13,13,13,13,13
Terrapin Springs,2020-04-09 10,22,22,22,22,22
Terrapin Springs,2020-04-09 11,31,31,31,31,31
Terrapin Springs,2020-04-09 12,46,46,46,46,46
Terrapin Springs,2020-04-09 13,27,27,27,27,27
Terrapin Springs,2020-04-09 14,17,17,17,17,17
Terrapin Springs,2020-04-09 15,49,49,49,49,49
Terrapin Springs,2020-04-09 16,20,20,20,20,20
Terrapin Springs,2020-04-09 17,6,6,6,6,6
Terrapin Springs,2020-04-09 18,13,13,13,13,13
Terrapin Springs,2020-04-09 19,3,3,3,3,3
Terrapin Springs,2020-04-09 20,6,6,6,6,6
Terrapin Springs,2020-04-09 21,7,7,7,7,7
Terrapin Springs,2020-04-09 22,5,5,5,5,5
Terrapin Springs,2020-04-09 23,2,2,2,2,2
Terrapin Springs,2020-04-10 00,9,9,9,9,9
Terrapin Springs,2020-04-10 01,1,1,1,1,1
Terrapin Springs,2020-04-10 03,3,3,3,3,3
Terrapin Springs,2020-04-10 04,4,4,4,4,4
Terrapin Springs,2020-04-10 05,10,10,10,10,10
Terrapin Springs,2020-04-10 06,5,5,5,5,5
Terrapin Springs,2020-04-10 07,26,26,26,26,26
Terrapin Springs,2020-04-10 08,13,13,13,13,13
Terrapin Springs,2020-04-10 09,22,22,22,22,22
Terrapin Springs,2020-04-10 10,19,19,19,19,19
Terrapin Springs,2020-04-10 11,19,19,19,19,19
West Parton,2020-04-06 00,2,2,2,2,2
West Parton,2020-04-06 01,1,1,1,1,1
West Parton,2020-04-06 04,3,3,3,3,3
West Parton,2020-04-06 05,5,5,5,5,5
West Parton,2020-04-06 06,7,7,7,7,7
West Parton,2020-04-06 07,14,14,14,14,14
West Parton,2020-04-06 08,25,25,25,25,25
West Parton,2020-04-06 09,20,20,20,20,20
West Parton,2020-04-06 10,17,17,17,17,17
West Parton,2020-04-06 11,15,15,15,15,15
West Parton,2020-04-06 12,21,21,21,21,21
West Parton,2020-04-06 13,16,16,16,16,16
West Parton,2020-04-06 14,36,36,36,36,36
West Parton,2020-04-06 15,32,32,32,32,32
West Parton,2020-04-06 16,21,21,21,21,21
West Parton,2020-04-06 17,23,23,23,23,23
West Parton,2020-04-06 18,14,14,14,14,14
West Parton,2020-04-06 19,40,40,40,40,40
West Parton,2020-04-06 20,12,12,12,12,12
West Parton,2020-04-06 21,11,11,11,11,11
West Parton,2020-04-06 22,4,4,4,4,4
West Parton,2020-04-06 23,7,7,7,7,7
West Parton,2020-04-07 00,1,1,1,1,1
West Parton,2020-04-07 01,1,1,1,1,1
West Parton,2020-04-07 02,5,5,5,5,5
West Parton,2020-04-07 03,1,1,1,1,1
West Parton,2020-04-07 04,1,1,1,1,1
West Parton,2020-04-07 05,3,3,3,3,3
West Parton,2020-04-07 06,9,9,9,9,9
West Parton,2020-04-07 07,13,13,13,13,13
West Parton,2020-04-07 08,34,34,34,34,34
West Parton,2020-04-07 09,19,19,19,19,19
West Parton,2020-04-07 10,12,12,12,12,12
West Parton,2020-04-07 11,24,24,24,24,24
West Parton,2020-04-07 12,21,21,21,21,21
West Parton,2020-04-07 13,22,22,22,22,22
West Parton,2020-04-07 14,17,17,17,17,17
West Parton,2020-04-07 15,24,24,24,24,24
West Parton,2020-04-07 16,26,26,26,26,26
West Parton,2020-04-07 17,17,17,17,17,17
West Parton,2020-04-07 18,40,40,40,40,40
West Parton,2020-04-07 19,12,12,12,12,12
West Parton,2020-04-07 20,12,12,12,12,12
West Parton,2020-04-07 21,5,5,5,5,5
West Parton,2020-04-07 22,9,9,9,9,9
West Parton,2020-04-07 23,8,8,8,8,8
West Parton,2020-04-08 00,2,2,2,2,2
West Parton,2020-04-08 02,3,3,3,3,3
West Parton,2020-04-08 03,6,6,6,6,6
West Parton,2020-04-08 04,5,5,5,5,5
West Parton,2020-04-08 05,2,2,2,2,2
West Parton,2020-04-08 06,8,8,8,8,8
West Parton,2020-04-08 07,41,41,41,41,41
West Parton,2020-04-08 08,41,41,41,41,41
West Parton,2020-04-08 09,50,50,50,50,50
West Parton,2020-04-08 10,22,22,22,22,22
West Parton,2020-04-08 11,17,17,17,17,17
West Parton,2020-04-08 12,23,23,23,23,23
West Parton,2020-04-08 13,58,58,58,58,58
West Parton,2020-04-08 14,99,99,99,99,99
West Parton,2020-04-08 15,81,81,81,81,81
West Parton,2020-04-08 16,33,33,33,33,33
West Parton,2020-04-08 17,26,26,26,26,26
West Parton,2020-04-08 18,23,23,23,23,23
West Parton,2020-04-08 19,48,48,48,48,48
West Parton,2020-04-08 20,22,22,22,22,22
West Parton,2020-04-08 21,13,13,13,13,13
West Parton,2020-04-08 22,2,2,2,2,2
West Parton,2020-04-08 23,26,26,26,26,26
West Parton,2020-04-09 00,26,26,26,26,26
West Parton,2020-04-09 01,6,6,6,6,6
West Parton,2020-04-09 02,11,11,11,11,11
West Parton,2020-04-09 03,4,4,4,4,4
West Parton,2020-04-09 04,7,7,7,7,7
West Parton,2020-04-09 05,10,10,10,10,10
West Parton,2020-04-09 06,7,7,7,7,7
West Parton,2020-04-09 07,13,13,13,13,13
West Parton,2020-04-09 08,24,24,24,24,24
West Parton,2020-04-09 09,16,16,16,16,16
West Parton,2020-04-09 10,19,19,19,19,19
West Parton,2020-04-09 11,21,21,21,21,21
West Parton,2020-04-09 12,53,53,53,53,53
West Parton,2020-04-09 13,26,26,26,26,26
West Parton,2020-04-09 14,21,21,21,21,21
West Parton,2020-04-09 15,43,43,43,43,43
West Parton,2020-04-09 16,18,18,18,18,18
West Parton,2020-04-09 17,9,9,9,9,9
West Parton,2020-04-09 18,10,10,10,10,10
West Parton,2020-04-09 19,7,7,7,7,7
West Parton,2020-04-09 20,16,16,16,16,16
West Parton,2020-04-09 21,4,4,4,4,4
West Parton,2020-04-09 22,1,1,1,1,1
West Parton,2020-04-09 23,1,1,1,1,1
West Parton,2020-04-10 00,18,18,18,18,18
West Parton,2020-04-10 01,2,2,2,2,2
West Parton,2020-04-10 02,4,4,4,4,4
West Parton,2020-04-10 03,6,6,6,6,6
West Parton,2020-04-10 04,6,6,6,6,6
West Parton,2020-04-10 05,12,12,12,12,12
West Parton,2020-04-10 06,3,3,3,3,3
West Parton,2020-04-10 07,35,35,35,35,35
West Parton,2020-04-10 08,18,18,18,18,18
West Parton,2020-04-10 09,23,23,23,23,23
West Parton,2020-04-10 10,14,14,14,14,14
West Parton,2020-04-10 11,22,22,22,22,22
Weston,2020-04-06 00,1,1,1,1,1
Weston,2020-04-06 01,3,3,3,3,3
Weston,2020-04-06 02,1,1,1,1,1
Weston,2020-04-06 03,1,1,1,1,1
Weston,2020-04-06 04,7,7,7,7,7
Weston,2020-04-06 05,12,12,12,12,12
Weston,2020-04-06 06,24,24,24,24,24
Weston,2020-04-06 07,31,31,31,31,31
Weston,2020-04-06 08,53,53,53,53,53
Weston,2020-04-06 09,52,52,52,52,52
Weston,2020-04-06 10,70,70,70,70,70
Weston,2020-04-06 11,57,57,57,57,57
Weston,2020-04-06 12,57,57,57,57,57
Weston,2020-04-06 13,56,56,56,56,56
Weston,2020-04-06 14,88,88,88,88,88
Weston,2020-04-06 15,109,109,109,109,109
Weston,2020-04-06 16,77,77,77,77,77
Weston,2020-04-06 17,53,53,53,53,53
Weston,2020-04-06 18,40,40,40,40,40
Weston,2020-04-06 19,78,78,78,78,78
Weston,2020-04-06 20,32,32,32,32,32
Weston,2020-04-06 21,29,29,29,29,29
Weston,2020-04-06 22,11,11,11,11,11
Weston,2020-04-06 23,8,8,8,8,8
Weston,2020-04-07 00,4,4,4,4,4
Weston,2020-04-07 01,2,2,2,2,2
Weston,2020-04-07 02,6,6,6,6,6
Weston,2020-04-07 03,3,3,3,3,3
Weston,2020-04-07 04,7,7,7,7,7
Weston,2020-04-07 05,16,16,16,16,16
Weston,2020-04-07 06,34,34,34,34,34
Weston,2020-04-07 07,34,34,34,34,34
Weston,2020-04-07 08,69,69,69,69,69
Weston,2020-04-07 09,27,27,27,27,27
Weston,2020-04-07 10,31,31,31,31,31
Weston,2020-04-07 11,58,58,58,58,58
Weston,2020-04-07 12,64,64,64,64,64
Weston,2020-04-07 13,60,60,60,60,60
Weston,2020-04-07 14,45,45,45,45,45
Weston,2020-04-07 15,47,47,47,47,47
Weston,2020-04-07 16,52,52,52,52,52
Weston,2020-04-07 17,40,40,40,40,40
Weston,2020-04-07 18,58,58,58,58,58
Weston,2020-04-07 19,29,29,29,29,29
Weston,2020-04-07 20,45,45,45,45,45
Weston,2020-04-07 21,16,16,16,16,16
Weston,2020-04-07 22,8,8,8,8,8
Weston,2020-04-07 23,8,8,8,8,8
Weston,2020-04-08 00,9,9,9,9,9
Weston,2020-04-08 01,3,3,3,3,3
Weston,2020-04-08 02,2,2,2,2,2
Weston,2020-04-08 03,5,5,5,5,5
Weston,2020-04-08 04,8,8,8,8,8
Weston,2020-04-08 05,12,12,12,12,12
Weston,2020-04-08 06,22,22,22,22,22
Weston,2020-04-08 07,108,108,108,108,108
Weston,2020-04-08 08,65,65,65,65,65
Weston,2020-04-08 09,115,115,115,115,115
Weston,2020-04-08 10,27,27,27,27,27
Weston,2020-04-08 11,30,30,30,30,30
Weston,2020-04-08 12,39,39,39,39,39
Weston,2020-04-08 13,140,140,140,140,140
Weston,2020-04-08 14,236,236,236,236,236
Weston,2020-04-08 15,152,152,152,152,152
Weston,2020-04-08 16,77,77,77,77,77
Weston,2020-04-08 17,53,53,53,53,53
Weston,2020-04-08 18,87,87,87,87,87
Weston,2020-04-08 19,102,102,102,102,102
Weston,2020-04-08 20,51,51,51,51,51
Weston,2020-04-08 21,27,27,27,27,27
Weston,2020-04-08 22,21,21,21,21,21
Weston,2020-04-08 23,40,40,40,40,40
Weston,2020-04-09 00,73,73,73,73,73
Weston,2020-04-09 01,13,13,13,13,13
Weston,2020-04-09 02,24,24,24,24,24
Weston,2020-04-09 03,18,18,18,18,18
Weston,2020-04-09 04,26,26,26,26,26
Weston,2020-04-09 05,34,34,34,34,34
Weston,2020-04-09 06,27,27,27,27,27
Weston,2020-04-09 07,31,31,31,31,31
Weston,2020-04-09 08,61,61,61,61,61
Weston,2020-04-09 09,30,30,30,30,30
Weston,2020-04-09 10,50,50,50,50,50
Weston,2020-04-09 11,66,66,66,66,66
Weston,2020-04-09 12,80,80,80,80,80
Weston,2020-04-09 13,56,56,56,56,56
Weston,2020-04-09 14,42,42,42,42,42
Weston,2020-04-09 15,115,115,115,115,115
Weston,2020-04-09 16,48,48,48,48,48
Weston,2020-04-09 17,26,26,26,26,26
Weston,2020-04-09 18,35,35,35,35,35
Weston,2020-04-09 19,28,28,28,28,28
Weston,2020-04-09 20,26,26,26,26,26
Weston,2020-04-09 21,6,6,6,6,6
Weston,2020-04-09 22,8,8,8,8,8
Weston,2020-04-09 23,4,4,4,4,4
Weston,2020-04-10 00,61,61,61,61,61
Weston,2020-04-10 01,7,7,7,7,7
Weston,2020-04-10 02,8,8,8,8,8
Weston,2020-04-10 03,24,24,24,24,24
Weston,2020-04-10 04,28,28,28,28,28
Weston,2020-04-10 05,45,45,45,45,45
Weston,2020-04-10 06,13,13,13,13,13
Weston,2020-04-10 07,84,84,84,84,84
Weston,2020-04-10 08,34,34,34,34,34
Weston,2020-04-10 09,73,73,73,73,73
Weston,2020-04-10 10,42,42,42,42,42
Weston,2020-04-10 11,61,61,61,61,61
Wilson Forest,2020-04-06 07,1,1,1,1,1
Wilson Forest,2020-04-06 11,2,2,2,2,2
Wilson Forest,2020-04-06 13,1,1,1,1,1
Wilson Forest,2020-04-06 14,2,2,2,2,2
Wilson Forest,2020-04-06 15,2,2,2,2,2
Wilson Forest,2020-04-06 17,1,1,1,1,1
Wilson Forest,2020-04-07 07,1,1,1,1,1
Wilson Forest,2020-04-07 09,1,1,1,1,1
Wilson Forest,2020-04-07 10,1,1,1,1,1
Wilson Forest,2020-04-07 13,1,1,1,1,1
Wilson Forest,2020-04-07 14,2,2,2,2,2
Wilson Forest,2020-04-07 17,1,1,1,1,1
Wilson Forest,2020-04-07 18,1,1,1,1,1
Wilson Forest,2020-04-07 19,1,1,1,1,1
Wilson Forest,2020-04-07 21,1,1,1,1,1
Wilson Forest,2020-04-08 07,2,2,2,2,2
Wilson Forest,2020-04-08 08,1,1,1,1,1
Wilson Forest,2020-04-08 09,1,1,1,1,1
Wilson Forest,2020-04-08 13,1,1,1,1,1
Wilson Forest,2020-04-08 14,6,6,6,6,6
Wilson Forest,2020-04-08 15,1,1,1,1,1
Wilson Forest,2020-04-08 18,1,1,1,1,1
Wilson Forest,2020-04-08 22,1,1,1,1,1
Wilson Forest,2020-04-08 23,2,2,2,2,2
Wilson Forest,2020-04-09 00,1,1,1,1,1
Wilson Forest,2020-04-09 06,1,1,1,1,1
Wilson Forest,2020-04-09 08,1,1,1,1,1
Wilson Forest,2020-04-09 09,1,1,1,1,1
Wilson Forest,2020-04-09 10,1,1,1,1,1
Wilson Forest,2020-04-09 11,1,1,1,1,1
Wilson Forest,2020-04-09 12,1,1,1,1,1
Wilson Forest,2020-04-09 13,1,1,1,1,1
Wilson Forest,2020-04-09 22,1,1,1,1,1
Wilson Forest,2020-04-10 01,1,1,1,1,1
Wilson Forest,2020-04-10 07,2,2,2,2,2
Wilson Forest,2020-04-10 09,1,1,1,1,1
